mode,sample_validation_id,region,uncertainty,microband,observed,expected
exact_completed_only,Run2016H_remote_mht_aware,MET_trace,0.1,q90_95,1980.0,1980.0
exact_completed_only,Run2016H_remote_mht_aware,MET_trace,0.1,q95_97,1195.0,720.6740035110619
exact_completed_only,Run2016H_remote_mht_aware,MET_trace,0.1,q97_98,704.0,347.18076169833506
exact_completed_only,Run2016H_remote_mht_aware,MET_trace,0.1,q98_99,799.0,349.56998340380596
exact_completed_only,Run2016H_remote_mht_aware,MET_trace,0.1,q99_100,908.0,337.4107726852243
exact_completed_only,Run2016H_remote_mht_aware,MET_trace,0.2,q90_95,1980.0,1980.0
exact_completed_only,Run2016H_remote_mht_aware,MET_trace,0.2,q95_97,1195.0,720.6740035110619
exact_completed_only,Run2016H_remote_mht_aware,MET_trace,0.2,q97_98,704.0,347.18076169833506
exact_completed_only,Run2016H_remote_mht_aware,MET_trace,0.2,q98_99,799.0,349.56998340380596
exact_completed_only,Run2016H_remote_mht_aware,MET_trace,0.2,q99_100,908.0,337.4107726852243
exact_completed_only,Run2016H_remote_mht_aware,MET_trace,0.3,q90_95,1980.0,1980.0
exact_completed_only,Run2016H_remote_mht_aware,MET_trace,0.3,q95_97,1195.0,720.6740035110619
exact_completed_only,Run2016H_remote_mht_aware,MET_trace,0.3,q97_98,704.0,347.18076169833506
exact_completed_only,Run2016H_remote_mht_aware,MET_trace,0.3,q98_99,799.0,349.56998340380596
exact_completed_only,Run2016H_remote_mht_aware,MET_trace,0.3,q99_100,908.0,337.4107726852243
exact_completed_only,Run2016H_remote_mht_aware,MET_trace,0.4,q90_95,1980.0,1980.0
exact_completed_only,Run2016H_remote_mht_aware,MET_trace,0.4,q95_97,1195.0,720.6740035110619
exact_completed_only,Run2016H_remote_mht_aware,MET_trace,0.4,q97_98,704.0,347.18076169833506
exact_completed_only,Run2016H_remote_mht_aware,MET_trace,0.4,q98_99,799.0,349.56998340380596
exact_completed_only,Run2016H_remote_mht_aware,MET_trace,0.4,q99_100,908.0,337.4107726852243
exact_completed_only,Run2016H_remote_mht_aware,MET_trace,0.5,q90_95,1980.0,1980.0
exact_completed_only,Run2016H_remote_mht_aware,MET_trace,0.5,q95_97,1195.0,720.6740035110619
exact_completed_only,Run2016H_remote_mht_aware,MET_trace,0.5,q97_98,704.0,347.18076169833506
exact_completed_only,Run2016H_remote_mht_aware,MET_trace,0.5,q98_99,799.0,349.56998340380596
exact_completed_only,Run2016H_remote_mht_aware,MET_trace,0.5,q99_100,908.0,337.4107726852243
exact_completed_only,Run2016H_remote_mht_aware,JetHT_SingleMuon_controls,0.1,q90_95,3304.0,3304.0
exact_completed_only,Run2016H_remote_mht_aware,JetHT_SingleMuon_controls,0.1,q95_97,1311.0,1202.579246262903
exact_completed_only,Run2016H_remote_mht_aware,JetHT_SingleMuon_controls,0.1,q97_98,679.0,579.3359781067167
exact_completed_only,Run2016H_remote_mht_aware,JetHT_SingleMuon_controls,0.1,q98_99,681.0,583.3228409930176
exact_completed_only,Run2016H_remote_mht_aware,JetHT_SingleMuon_controls,0.1,q99_100,626.0,563.0329257333236
exact_completed_only,Run2016H_remote_mht_aware,JetHT_SingleMuon_controls,0.2,q90_95,3304.0,3304.0
exact_completed_only,Run2016H_remote_mht_aware,JetHT_SingleMuon_controls,0.2,q95_97,1311.0,1202.579246262903
exact_completed_only,Run2016H_remote_mht_aware,JetHT_SingleMuon_controls,0.2,q97_98,679.0,579.3359781067167
exact_completed_only,Run2016H_remote_mht_aware,JetHT_SingleMuon_controls,0.2,q98_99,681.0,583.3228409930176
exact_completed_only,Run2016H_remote_mht_aware,JetHT_SingleMuon_controls,0.2,q99_100,626.0,563.0329257333236
exact_completed_only,Run2016H_remote_mht_aware,JetHT_SingleMuon_controls,0.3,q90_95,3304.0,3304.0
exact_completed_only,Run2016H_remote_mht_aware,JetHT_SingleMuon_controls,0.3,q95_97,1311.0,1202.579246262903
exact_completed_only,Run2016H_remote_mht_aware,JetHT_SingleMuon_controls,0.3,q97_98,679.0,579.3359781067167
exact_completed_only,Run2016H_remote_mht_aware,JetHT_SingleMuon_controls,0.3,q98_99,681.0,583.3228409930176
exact_completed_only,Run2016H_remote_mht_aware,JetHT_SingleMuon_controls,0.3,q99_100,626.0,563.0329257333236
exact_completed_only,Run2016H_remote_mht_aware,JetHT_SingleMuon_controls,0.4,q90_95,3304.0,3304.0
exact_completed_only,Run2016H_remote_mht_aware,JetHT_SingleMuon_controls,0.4,q95_97,1311.0,1202.579246262903
exact_completed_only,Run2016H_remote_mht_aware,JetHT_SingleMuon_controls,0.4,q97_98,679.0,579.3359781067167
exact_completed_only,Run2016H_remote_mht_aware,JetHT_SingleMuon_controls,0.4,q98_99,681.0,583.3228409930176
exact_completed_only,Run2016H_remote_mht_aware,JetHT_SingleMuon_controls,0.4,q99_100,626.0,563.0329257333236
exact_completed_only,Run2016H_remote_mht_aware,JetHT_SingleMuon_controls,0.5,q90_95,3304.0,3304.0
exact_completed_only,Run2016H_remote_mht_aware,JetHT_SingleMuon_controls,0.5,q95_97,1311.0,1202.579246262903
exact_completed_only,Run2016H_remote_mht_aware,JetHT_SingleMuon_controls,0.5,q97_98,679.0,579.3359781067167
exact_completed_only,Run2016H_remote_mht_aware,JetHT_SingleMuon_controls,0.5,q98_99,681.0,583.3228409930176
exact_completed_only,Run2016H_remote_mht_aware,JetHT_SingleMuon_controls,0.5,q99_100,626.0,563.0329257333236
exact_completed_only,Run2015D_remote_mht_aware_holdout,MET_trace,0.1,q90_95,315.0,315.0
exact_completed_only,Run2015D_remote_mht_aware_holdout,MET_trace,0.1,q95_97,113.0,114.65268237675983
exact_completed_only,Run2015D_remote_mht_aware_holdout,MET_trace,0.1,q97_98,43.0,55.233302997462395
exact_completed_only,Run2015D_remote_mht_aware_holdout,MET_trace,0.1,q98_99,76.0,55.613406450605495
exact_completed_only,Run2015D_remote_mht_aware_holdout,MET_trace,0.1,q99_100,41.0,53.678986563558404
exact_completed_only,Run2015D_remote_mht_aware_holdout,MET_trace,0.2,q90_95,315.0,315.0
exact_completed_only,Run2015D_remote_mht_aware_holdout,MET_trace,0.2,q95_97,113.0,114.65268237675983
exact_completed_only,Run2015D_remote_mht_aware_holdout,MET_trace,0.2,q97_98,43.0,55.233302997462395
exact_completed_only,Run2015D_remote_mht_aware_holdout,MET_trace,0.2,q98_99,76.0,55.613406450605495
exact_completed_only,Run2015D_remote_mht_aware_holdout,MET_trace,0.2,q99_100,41.0,53.678986563558404
exact_completed_only,Run2015D_remote_mht_aware_holdout,MET_trace,0.3,q90_95,315.0,315.0
exact_completed_only,Run2015D_remote_mht_aware_holdout,MET_trace,0.3,q95_97,113.0,114.65268237675983
exact_completed_only,Run2015D_remote_mht_aware_holdout,MET_trace,0.3,q97_98,43.0,55.233302997462395
exact_completed_only,Run2015D_remote_mht_aware_holdout,MET_trace,0.3,q98_99,76.0,55.613406450605495
exact_completed_only,Run2015D_remote_mht_aware_holdout,MET_trace,0.3,q99_100,41.0,53.678986563558404
exact_completed_only,Run2015D_remote_mht_aware_holdout,MET_trace,0.4,q90_95,315.0,315.0
exact_completed_only,Run2015D_remote_mht_aware_holdout,MET_trace,0.4,q95_97,113.0,114.65268237675983
exact_completed_only,Run2015D_remote_mht_aware_holdout,MET_trace,0.4,q97_98,43.0,55.233302997462395
exact_completed_only,Run2015D_remote_mht_aware_holdout,MET_trace,0.4,q98_99,76.0,55.613406450605495
exact_completed_only,Run2015D_remote_mht_aware_holdout,MET_trace,0.4,q99_100,41.0,53.678986563558404
exact_completed_only,Run2015D_remote_mht_aware_holdout,MET_trace,0.5,q90_95,315.0,315.0
exact_completed_only,Run2015D_remote_mht_aware_holdout,MET_trace,0.5,q95_97,113.0,114.65268237675983
exact_completed_only,Run2015D_remote_mht_aware_holdout,MET_trace,0.5,q97_98,43.0,55.233302997462395
exact_completed_only,Run2015D_remote_mht_aware_holdout,MET_trace,0.5,q98_99,76.0,55.613406450605495
exact_completed_only,Run2015D_remote_mht_aware_holdout,MET_trace,0.5,q99_100,41.0,53.678986563558404
exact_completed_only,Run2015D_remote_mht_aware_holdout,JetHT_SingleMuon_controls,0.1,q90_95,882.0,882.0
exact_completed_only,Run2015D_remote_mht_aware_holdout,JetHT_SingleMuon_controls,0.1,q95_97,294.0,321.02751065492754
exact_completed_only,Run2015D_remote_mht_aware_holdout,JetHT_SingleMuon_controls,0.1,q97_98,119.0,154.6532483928947
exact_completed_only,Run2015D_remote_mht_aware_holdout,JetHT_SingleMuon_controls,0.1,q98_99,129.0,155.71753806169536
exact_completed_only,Run2015D_remote_mht_aware_holdout,JetHT_SingleMuon_controls,0.1,q99_100,108.0,150.30116237796355
exact_completed_only,Run2015D_remote_mht_aware_holdout,JetHT_SingleMuon_controls,0.2,q90_95,882.0,882.0
exact_completed_only,Run2015D_remote_mht_aware_holdout,JetHT_SingleMuon_controls,0.2,q95_97,294.0,321.02751065492754
exact_completed_only,Run2015D_remote_mht_aware_holdout,JetHT_SingleMuon_controls,0.2,q97_98,119.0,154.6532483928947
exact_completed_only,Run2015D_remote_mht_aware_holdout,JetHT_SingleMuon_controls,0.2,q98_99,129.0,155.71753806169536
exact_completed_only,Run2015D_remote_mht_aware_holdout,JetHT_SingleMuon_controls,0.2,q99_100,108.0,150.30116237796355
exact_completed_only,Run2015D_remote_mht_aware_holdout,JetHT_SingleMuon_controls,0.3,q90_95,882.0,882.0
exact_completed_only,Run2015D_remote_mht_aware_holdout,JetHT_SingleMuon_controls,0.3,q95_97,294.0,321.02751065492754
exact_completed_only,Run2015D_remote_mht_aware_holdout,JetHT_SingleMuon_controls,0.3,q97_98,119.0,154.6532483928947
exact_completed_only,Run2015D_remote_mht_aware_holdout,JetHT_SingleMuon_controls,0.3,q98_99,129.0,155.71753806169536
exact_completed_only,Run2015D_remote_mht_aware_holdout,JetHT_SingleMuon_controls,0.3,q99_100,108.0,150.30116237796355
exact_completed_only,Run2015D_remote_mht_aware_holdout,JetHT_SingleMuon_controls,0.4,q90_95,882.0,882.0
exact_completed_only,Run2015D_remote_mht_aware_holdout,JetHT_SingleMuon_controls,0.4,q95_97,294.0,321.02751065492754
exact_completed_only,Run2015D_remote_mht_aware_holdout,JetHT_SingleMuon_controls,0.4,q97_98,119.0,154.6532483928947
exact_completed_only,Run2015D_remote_mht_aware_holdout,JetHT_SingleMuon_controls,0.4,q98_99,129.0,155.71753806169536
exact_completed_only,Run2015D_remote_mht_aware_holdout,JetHT_SingleMuon_controls,0.4,q99_100,108.0,150.30116237796355
exact_completed_only,Run2015D_remote_mht_aware_holdout,JetHT_SingleMuon_controls,0.5,q90_95,882.0,882.0
exact_completed_only,Run2015D_remote_mht_aware_holdout,JetHT_SingleMuon_controls,0.5,q95_97,294.0,321.02751065492754
exact_completed_only,Run2015D_remote_mht_aware_holdout,JetHT_SingleMuon_controls,0.5,q97_98,119.0,154.6532483928947
exact_completed_only,Run2015D_remote_mht_aware_holdout,JetHT_SingleMuon_controls,0.5,q98_99,129.0,155.71753806169536
exact_completed_only,Run2015D_remote_mht_aware_holdout,JetHT_SingleMuon_controls,0.5,q99_100,108.0,150.30116237796355
exact_completed_only,Run2016G_remote_mht_aware_fresh,MET_trace,0.1,q90_95,398.0,398.0
exact_completed_only,Run2016G_remote_mht_aware_fresh,MET_trace,0.1,q95_97,263.0,144.8627542411124
exact_completed_only,Run2016G_remote_mht_aware_fresh,MET_trace,0.1,q97_98,153.0,69.78683997774614
exact_completed_only,Run2016G_remote_mht_aware_fresh,MET_trace,0.1,q98_99,186.0,70.26709767409837
exact_completed_only,Run2016G_remote_mht_aware_fresh,MET_trace,0.1,q99_100,200.0,67.82297349935315
exact_completed_only,Run2016G_remote_mht_aware_fresh,MET_trace,0.2,q90_95,398.0,398.0
exact_completed_only,Run2016G_remote_mht_aware_fresh,MET_trace,0.2,q95_97,263.0,144.8627542411124
exact_completed_only,Run2016G_remote_mht_aware_fresh,MET_trace,0.2,q97_98,153.0,69.78683997774614
exact_completed_only,Run2016G_remote_mht_aware_fresh,MET_trace,0.2,q98_99,186.0,70.26709767409837
exact_completed_only,Run2016G_remote_mht_aware_fresh,MET_trace,0.2,q99_100,200.0,67.82297349935315
exact_completed_only,Run2016G_remote_mht_aware_fresh,MET_trace,0.3,q90_95,398.0,398.0
exact_completed_only,Run2016G_remote_mht_aware_fresh,MET_trace,0.3,q95_97,263.0,144.8627542411124
exact_completed_only,Run2016G_remote_mht_aware_fresh,MET_trace,0.3,q97_98,153.0,69.78683997774614
exact_completed_only,Run2016G_remote_mht_aware_fresh,MET_trace,0.3,q98_99,186.0,70.26709767409837
exact_completed_only,Run2016G_remote_mht_aware_fresh,MET_trace,0.3,q99_100,200.0,67.82297349935315
exact_completed_only,Run2016G_remote_mht_aware_fresh,MET_trace,0.4,q90_95,398.0,398.0
exact_completed_only,Run2016G_remote_mht_aware_fresh,MET_trace,0.4,q95_97,263.0,144.8627542411124
exact_completed_only,Run2016G_remote_mht_aware_fresh,MET_trace,0.4,q97_98,153.0,69.78683997774614
exact_completed_only,Run2016G_remote_mht_aware_fresh,MET_trace,0.4,q98_99,186.0,70.26709767409837
exact_completed_only,Run2016G_remote_mht_aware_fresh,MET_trace,0.4,q99_100,200.0,67.82297349935315
exact_completed_only,Run2016G_remote_mht_aware_fresh,MET_trace,0.5,q90_95,398.0,398.0
exact_completed_only,Run2016G_remote_mht_aware_fresh,MET_trace,0.5,q95_97,263.0,144.8627542411124
exact_completed_only,Run2016G_remote_mht_aware_fresh,MET_trace,0.5,q97_98,153.0,69.78683997774614
exact_completed_only,Run2016G_remote_mht_aware_fresh,MET_trace,0.5,q98_99,186.0,70.26709767409837
exact_completed_only,Run2016G_remote_mht_aware_fresh,MET_trace,0.5,q99_100,200.0,67.82297349935315
exact_completed_only,Run2016G_remote_mht_aware_fresh,JetHT_SingleMuon_controls,0.1,q90_95,1525.0,1525.0
exact_completed_only,Run2016G_remote_mht_aware_fresh,JetHT_SingleMuon_controls,0.1,q95_97,560.0,555.0645734112976
exact_completed_only,Run2016G_remote_mht_aware_fresh,JetHT_SingleMuon_controls,0.1,q97_98,289.0,267.3993240353338
exact_completed_only,Run2016G_remote_mht_aware_fresh,JetHT_SingleMuon_controls,0.1,q98_99,309.0,269.23950741959806
exact_completed_only,Run2016G_remote_mht_aware_fresh,JetHT_SingleMuon_controls,0.1,q99_100,300.0,259.87445876008434
exact_completed_only,Run2016G_remote_mht_aware_fresh,JetHT_SingleMuon_controls,0.2,q90_95,1525.0,1525.0
exact_completed_only,Run2016G_remote_mht_aware_fresh,JetHT_SingleMuon_controls,0.2,q95_97,560.0,555.0645734112976
exact_completed_only,Run2016G_remote_mht_aware_fresh,JetHT_SingleMuon_controls,0.2,q97_98,289.0,267.3993240353338
exact_completed_only,Run2016G_remote_mht_aware_fresh,JetHT_SingleMuon_controls,0.2,q98_99,309.0,269.23950741959806
exact_completed_only,Run2016G_remote_mht_aware_fresh,JetHT_SingleMuon_controls,0.2,q99_100,300.0,259.87445876008434
exact_completed_only,Run2016G_remote_mht_aware_fresh,JetHT_SingleMuon_controls,0.3,q90_95,1525.0,1525.0
exact_completed_only,Run2016G_remote_mht_aware_fresh,JetHT_SingleMuon_controls,0.3,q95_97,560.0,555.0645734112976
exact_completed_only,Run2016G_remote_mht_aware_fresh,JetHT_SingleMuon_controls,0.3,q97_98,289.0,267.3993240353338
exact_completed_only,Run2016G_remote_mht_aware_fresh,JetHT_SingleMuon_controls,0.3,q98_99,309.0,269.23950741959806
exact_completed_only,Run2016G_remote_mht_aware_fresh,JetHT_SingleMuon_controls,0.3,q99_100,300.0,259.87445876008434
exact_completed_only,Run2016G_remote_mht_aware_fresh,JetHT_SingleMuon_controls,0.4,q90_95,1525.0,1525.0
exact_completed_only,Run2016G_remote_mht_aware_fresh,JetHT_SingleMuon_controls,0.4,q95_97,560.0,555.0645734112976
exact_completed_only,Run2016G_remote_mht_aware_fresh,JetHT_SingleMuon_controls,0.4,q97_98,289.0,267.3993240353338
exact_completed_only,Run2016G_remote_mht_aware_fresh,JetHT_SingleMuon_controls,0.4,q98_99,309.0,269.23950741959806
exact_completed_only,Run2016G_remote_mht_aware_fresh,JetHT_SingleMuon_controls,0.4,q99_100,300.0,259.87445876008434
exact_completed_only,Run2016G_remote_mht_aware_fresh,JetHT_SingleMuon_controls,0.5,q90_95,1525.0,1525.0
exact_completed_only,Run2016G_remote_mht_aware_fresh,JetHT_SingleMuon_controls,0.5,q95_97,560.0,555.0645734112976
exact_completed_only,Run2016G_remote_mht_aware_fresh,JetHT_SingleMuon_controls,0.5,q97_98,289.0,267.3993240353338
exact_completed_only,Run2016G_remote_mht_aware_fresh,JetHT_SingleMuon_controls,0.5,q98_99,309.0,269.23950741959806
exact_completed_only,Run2016G_remote_mht_aware_fresh,JetHT_SingleMuon_controls,0.5,q99_100,300.0,259.87445876008434
exact_plus_unit_weight_metadata,Run2016H_remote_mht_aware,MET_trace,0.1,q90_95,1980.0,1980.0
exact_plus_unit_weight_metadata,Run2016H_remote_mht_aware,MET_trace,0.1,q95_97,1195.0,596.9902874215218
exact_plus_unit_weight_metadata,Run2016H_remote_mht_aware,MET_trace,0.1,q97_98,704.0,199.91627916192658
exact_plus_unit_weight_metadata,Run2016H_remote_mht_aware,MET_trace,0.1,q98_99,799.0,257.23277394081396
exact_plus_unit_weight_metadata,Run2016H_remote_mht_aware,MET_trace,0.1,q99_100,908.0,265.52196129143726
exact_plus_unit_weight_metadata,Run2016H_remote_mht_aware,MET_trace,0.2,q90_95,1980.0,1980.0
exact_plus_unit_weight_metadata,Run2016H_remote_mht_aware,MET_trace,0.2,q95_97,1195.0,596.9902874215218
exact_plus_unit_weight_metadata,Run2016H_remote_mht_aware,MET_trace,0.2,q97_98,704.0,199.91627916192658
exact_plus_unit_weight_metadata,Run2016H_remote_mht_aware,MET_trace,0.2,q98_99,799.0,257.23277394081396
exact_plus_unit_weight_metadata,Run2016H_remote_mht_aware,MET_trace,0.2,q99_100,908.0,265.52196129143726
exact_plus_unit_weight_metadata,Run2016H_remote_mht_aware,MET_trace,0.3,q90_95,1980.0,1980.0
exact_plus_unit_weight_metadata,Run2016H_remote_mht_aware,MET_trace,0.3,q95_97,1195.0,596.9902874215218
exact_plus_unit_weight_metadata,Run2016H_remote_mht_aware,MET_trace,0.3,q97_98,704.0,199.91627916192658
exact_plus_unit_weight_metadata,Run2016H_remote_mht_aware,MET_trace,0.3,q98_99,799.0,257.23277394081396
exact_plus_unit_weight_metadata,Run2016H_remote_mht_aware,MET_trace,0.3,q99_100,908.0,265.52196129143726
exact_plus_unit_weight_metadata,Run2016H_remote_mht_aware,MET_trace,0.4,q90_95,1980.0,1980.0
exact_plus_unit_weight_metadata,Run2016H_remote_mht_aware,MET_trace,0.4,q95_97,1195.0,596.9902874215218
exact_plus_unit_weight_metadata,Run2016H_remote_mht_aware,MET_trace,0.4,q97_98,704.0,199.91627916192658
exact_plus_unit_weight_metadata,Run2016H_remote_mht_aware,MET_trace,0.4,q98_99,799.0,257.23277394081396
exact_plus_unit_weight_metadata,Run2016H_remote_mht_aware,MET_trace,0.4,q99_100,908.0,265.52196129143726
exact_plus_unit_weight_metadata,Run2016H_remote_mht_aware,MET_trace,0.5,q90_95,1980.0,1980.0
exact_plus_unit_weight_metadata,Run2016H_remote_mht_aware,MET_trace,0.5,q95_97,1195.0,596.9902874215218
exact_plus_unit_weight_metadata,Run2016H_remote_mht_aware,MET_trace,0.5,q97_98,704.0,199.91627916192658
exact_plus_unit_weight_metadata,Run2016H_remote_mht_aware,MET_trace,0.5,q98_99,799.0,257.23277394081396
exact_plus_unit_weight_metadata,Run2016H_remote_mht_aware,MET_trace,0.5,q99_100,908.0,265.52196129143726
exact_plus_unit_weight_metadata,Run2016H_remote_mht_aware,JetHT_SingleMuon_controls,0.1,q90_95,3304.0,3304.0
exact_plus_unit_weight_metadata,Run2016H_remote_mht_aware,JetHT_SingleMuon_controls,0.1,q95_97,1311.0,996.1898533538929
exact_plus_unit_weight_metadata,Run2016H_remote_mht_aware,JetHT_SingleMuon_controls,0.1,q97_98,679.0,333.5976698742452
exact_plus_unit_weight_metadata,Run2016H_remote_mht_aware,JetHT_SingleMuon_controls,0.1,q98_99,681.0,429.240952070934
exact_plus_unit_weight_metadata,Run2016H_remote_mht_aware,JetHT_SingleMuon_controls,0.1,q99_100,626.0,443.07301015500445
exact_plus_unit_weight_metadata,Run2016H_remote_mht_aware,JetHT_SingleMuon_controls,0.2,q90_95,3304.0,3304.0
exact_plus_unit_weight_metadata,Run2016H_remote_mht_aware,JetHT_SingleMuon_controls,0.2,q95_97,1311.0,996.1898533538929
exact_plus_unit_weight_metadata,Run2016H_remote_mht_aware,JetHT_SingleMuon_controls,0.2,q97_98,679.0,333.5976698742452
exact_plus_unit_weight_metadata,Run2016H_remote_mht_aware,JetHT_SingleMuon_controls,0.2,q98_99,681.0,429.240952070934
exact_plus_unit_weight_metadata,Run2016H_remote_mht_aware,JetHT_SingleMuon_controls,0.2,q99_100,626.0,443.07301015500445
exact_plus_unit_weight_metadata,Run2016H_remote_mht_aware,JetHT_SingleMuon_controls,0.3,q90_95,3304.0,3304.0
exact_plus_unit_weight_metadata,Run2016H_remote_mht_aware,JetHT_SingleMuon_controls,0.3,q95_97,1311.0,996.1898533538929
exact_plus_unit_weight_metadata,Run2016H_remote_mht_aware,JetHT_SingleMuon_controls,0.3,q97_98,679.0,333.5976698742452
exact_plus_unit_weight_metadata,Run2016H_remote_mht_aware,JetHT_SingleMuon_controls,0.3,q98_99,681.0,429.240952070934
exact_plus_unit_weight_metadata,Run2016H_remote_mht_aware,JetHT_SingleMuon_controls,0.3,q99_100,626.0,443.07301015500445
exact_plus_unit_weight_metadata,Run2016H_remote_mht_aware,JetHT_SingleMuon_controls,0.4,q90_95,3304.0,3304.0
exact_plus_unit_weight_metadata,Run2016H_remote_mht_aware,JetHT_SingleMuon_controls,0.4,q95_97,1311.0,996.1898533538929
exact_plus_unit_weight_metadata,Run2016H_remote_mht_aware,JetHT_SingleMuon_controls,0.4,q97_98,679.0,333.5976698742452
exact_plus_unit_weight_metadata,Run2016H_remote_mht_aware,JetHT_SingleMuon_controls,0.4,q98_99,681.0,429.240952070934
exact_plus_unit_weight_metadata,Run2016H_remote_mht_aware,JetHT_SingleMuon_controls,0.4,q99_100,626.0,443.07301015500445
exact_plus_unit_weight_metadata,Run2016H_remote_mht_aware,JetHT_SingleMuon_controls,0.5,q90_95,3304.0,3304.0
exact_plus_unit_weight_metadata,Run2016H_remote_mht_aware,JetHT_SingleMuon_controls,0.5,q95_97,1311.0,996.1898533538929
exact_plus_unit_weight_metadata,Run2016H_remote_mht_aware,JetHT_SingleMuon_controls,0.5,q97_98,679.0,333.5976698742452
exact_plus_unit_weight_metadata,Run2016H_remote_mht_aware,JetHT_SingleMuon_controls,0.5,q98_99,681.0,429.240952070934
exact_plus_unit_weight_metadata,Run2016H_remote_mht_aware,JetHT_SingleMuon_controls,0.5,q99_100,626.0,443.07301015500445
exact_plus_unit_weight_metadata,Run2015D_remote_mht_aware_holdout,MET_trace,0.1,q90_95,315.0,315.0
exact_plus_unit_weight_metadata,Run2015D_remote_mht_aware_holdout,MET_trace,0.1,q95_97,113.0,94.97572754433301
exact_plus_unit_weight_metadata,Run2015D_remote_mht_aware_holdout,MET_trace,0.1,q97_98,43.0,31.804862593942865
exact_plus_unit_weight_metadata,Run2015D_remote_mht_aware_holdout,MET_trace,0.1,q98_99,76.0,40.9233958542204
exact_plus_unit_weight_metadata,Run2015D_remote_mht_aware_holdout,MET_trace,0.1,q99_100,41.0,42.24213020545593
exact_plus_unit_weight_metadata,Run2015D_remote_mht_aware_holdout,MET_trace,0.2,q90_95,315.0,315.0
exact_plus_unit_weight_metadata,Run2015D_remote_mht_aware_holdout,MET_trace,0.2,q95_97,113.0,94.97572754433301
exact_plus_unit_weight_metadata,Run2015D_remote_mht_aware_holdout,MET_trace,0.2,q97_98,43.0,31.804862593942865
exact_plus_unit_weight_metadata,Run2015D_remote_mht_aware_holdout,MET_trace,0.2,q98_99,76.0,40.9233958542204
exact_plus_unit_weight_metadata,Run2015D_remote_mht_aware_holdout,MET_trace,0.2,q99_100,41.0,42.24213020545593
exact_plus_unit_weight_metadata,Run2015D_remote_mht_aware_holdout,MET_trace,0.3,q90_95,315.0,315.0
exact_plus_unit_weight_metadata,Run2015D_remote_mht_aware_holdout,MET_trace,0.3,q95_97,113.0,94.97572754433301
exact_plus_unit_weight_metadata,Run2015D_remote_mht_aware_holdout,MET_trace,0.3,q97_98,43.0,31.804862593942865
exact_plus_unit_weight_metadata,Run2015D_remote_mht_aware_holdout,MET_trace,0.3,q98_99,76.0,40.9233958542204
exact_plus_unit_weight_metadata,Run2015D_remote_mht_aware_holdout,MET_trace,0.3,q99_100,41.0,42.24213020545593
exact_plus_unit_weight_metadata,Run2015D_remote_mht_aware_holdout,MET_trace,0.4,q90_95,315.0,315.0
exact_plus_unit_weight_metadata,Run2015D_remote_mht_aware_holdout,MET_trace,0.4,q95_97,113.0,94.97572754433301
exact_plus_unit_weight_metadata,Run2015D_remote_mht_aware_holdout,MET_trace,0.4,q97_98,43.0,31.804862593942865
exact_plus_unit_weight_metadata,Run2015D_remote_mht_aware_holdout,MET_trace,0.4,q98_99,76.0,40.9233958542204
exact_plus_unit_weight_metadata,Run2015D_remote_mht_aware_holdout,MET_trace,0.4,q99_100,41.0,42.24213020545593
exact_plus_unit_weight_metadata,Run2015D_remote_mht_aware_holdout,MET_trace,0.5,q90_95,315.0,315.0
exact_plus_unit_weight_metadata,Run2015D_remote_mht_aware_holdout,MET_trace,0.5,q95_97,113.0,94.97572754433301
exact_plus_unit_weight_metadata,Run2015D_remote_mht_aware_holdout,MET_trace,0.5,q97_98,43.0,31.804862593942865
exact_plus_unit_weight_metadata,Run2015D_remote_mht_aware_holdout,MET_trace,0.5,q98_99,76.0,40.9233958542204
exact_plus_unit_weight_metadata,Run2015D_remote_mht_aware_holdout,MET_trace,0.5,q99_100,41.0,42.24213020545593
exact_plus_unit_weight_metadata,Run2015D_remote_mht_aware_holdout,JetHT_SingleMuon_controls,0.1,q90_95,882.0,882.0
exact_plus_unit_weight_metadata,Run2015D_remote_mht_aware_holdout,JetHT_SingleMuon_controls,0.1,q95_97,294.0,265.9320371241324
exact_plus_unit_weight_metadata,Run2015D_remote_mht_aware_holdout,JetHT_SingleMuon_controls,0.1,q97_98,119.0,89.05361526304002
exact_plus_unit_weight_metadata,Run2015D_remote_mht_aware_holdout,JetHT_SingleMuon_controls,0.1,q98_99,129.0,114.58550839181713
exact_plus_unit_weight_metadata,Run2015D_remote_mht_aware_holdout,JetHT_SingleMuon_controls,0.1,q99_100,108.0,118.27796457527661
exact_plus_unit_weight_metadata,Run2015D_remote_mht_aware_holdout,JetHT_SingleMuon_controls,0.2,q90_95,882.0,882.0
exact_plus_unit_weight_metadata,Run2015D_remote_mht_aware_holdout,JetHT_SingleMuon_controls,0.2,q95_97,294.0,265.9320371241324
exact_plus_unit_weight_metadata,Run2015D_remote_mht_aware_holdout,JetHT_SingleMuon_controls,0.2,q97_98,119.0,89.05361526304002
exact_plus_unit_weight_metadata,Run2015D_remote_mht_aware_holdout,JetHT_SingleMuon_controls,0.2,q98_99,129.0,114.58550839181713
exact_plus_unit_weight_metadata,Run2015D_remote_mht_aware_holdout,JetHT_SingleMuon_controls,0.2,q99_100,108.0,118.27796457527661
exact_plus_unit_weight_metadata,Run2015D_remote_mht_aware_holdout,JetHT_SingleMuon_controls,0.3,q90_95,882.0,882.0
exact_plus_unit_weight_metadata,Run2015D_remote_mht_aware_holdout,JetHT_SingleMuon_controls,0.3,q95_97,294.0,265.9320371241324
exact_plus_unit_weight_metadata,Run2015D_remote_mht_aware_holdout,JetHT_SingleMuon_controls,0.3,q97_98,119.0,89.05361526304002
exact_plus_unit_weight_metadata,Run2015D_remote_mht_aware_holdout,JetHT_SingleMuon_controls,0.3,q98_99,129.0,114.58550839181713
exact_plus_unit_weight_metadata,Run2015D_remote_mht_aware_holdout,JetHT_SingleMuon_controls,0.3,q99_100,108.0,118.27796457527661
exact_plus_unit_weight_metadata,Run2015D_remote_mht_aware_holdout,JetHT_SingleMuon_controls,0.4,q90_95,882.0,882.0
exact_plus_unit_weight_metadata,Run2015D_remote_mht_aware_holdout,JetHT_SingleMuon_controls,0.4,q95_97,294.0,265.9320371241324
exact_plus_unit_weight_metadata,Run2015D_remote_mht_aware_holdout,JetHT_SingleMuon_controls,0.4,q97_98,119.0,89.05361526304002
exact_plus_unit_weight_metadata,Run2015D_remote_mht_aware_holdout,JetHT_SingleMuon_controls,0.4,q98_99,129.0,114.58550839181713
exact_plus_unit_weight_metadata,Run2015D_remote_mht_aware_holdout,JetHT_SingleMuon_controls,0.4,q99_100,108.0,118.27796457527661
exact_plus_unit_weight_metadata,Run2015D_remote_mht_aware_holdout,JetHT_SingleMuon_controls,0.5,q90_95,882.0,882.0
exact_plus_unit_weight_metadata,Run2015D_remote_mht_aware_holdout,JetHT_SingleMuon_controls,0.5,q95_97,294.0,265.9320371241324
exact_plus_unit_weight_metadata,Run2015D_remote_mht_aware_holdout,JetHT_SingleMuon_controls,0.5,q97_98,119.0,89.05361526304002
exact_plus_unit_weight_metadata,Run2015D_remote_mht_aware_holdout,JetHT_SingleMuon_controls,0.5,q98_99,129.0,114.58550839181713
exact_plus_unit_weight_metadata,Run2015D_remote_mht_aware_holdout,JetHT_SingleMuon_controls,0.5,q99_100,108.0,118.27796457527661
exact_plus_unit_weight_metadata,Run2016G_remote_mht_aware_fresh,MET_trace,0.1,q90_95,398.0,398.0
exact_plus_unit_weight_metadata,Run2016G_remote_mht_aware_fresh,MET_trace,0.1,q95_97,263.0,120.00107797664934
exact_plus_unit_weight_metadata,Run2016G_remote_mht_aware_fresh,MET_trace,0.1,q97_98,153.0,40.18519146790241
exact_plus_unit_weight_metadata,Run2016G_remote_mht_aware_fresh,MET_trace,0.1,q98_99,186.0,51.70638587295149
exact_plus_unit_weight_metadata,Run2016G_remote_mht_aware_fresh,MET_trace,0.1,q99_100,200.0,53.37259625959194
exact_plus_unit_weight_metadata,Run2016G_remote_mht_aware_fresh,MET_trace,0.2,q90_95,398.0,398.0
exact_plus_unit_weight_metadata,Run2016G_remote_mht_aware_fresh,MET_trace,0.2,q95_97,263.0,120.00107797664934
exact_plus_unit_weight_metadata,Run2016G_remote_mht_aware_fresh,MET_trace,0.2,q97_98,153.0,40.18519146790241
exact_plus_unit_weight_metadata,Run2016G_remote_mht_aware_fresh,MET_trace,0.2,q98_99,186.0,51.70638587295149
exact_plus_unit_weight_metadata,Run2016G_remote_mht_aware_fresh,MET_trace,0.2,q99_100,200.0,53.37259625959194
exact_plus_unit_weight_metadata,Run2016G_remote_mht_aware_fresh,MET_trace,0.3,q90_95,398.0,398.0
exact_plus_unit_weight_metadata,Run2016G_remote_mht_aware_fresh,MET_trace,0.3,q95_97,263.0,120.00107797664934
exact_plus_unit_weight_metadata,Run2016G_remote_mht_aware_fresh,MET_trace,0.3,q97_98,153.0,40.18519146790241
exact_plus_unit_weight_metadata,Run2016G_remote_mht_aware_fresh,MET_trace,0.3,q98_99,186.0,51.70638587295149
exact_plus_unit_weight_metadata,Run2016G_remote_mht_aware_fresh,MET_trace,0.3,q99_100,200.0,53.37259625959194
exact_plus_unit_weight_metadata,Run2016G_remote_mht_aware_fresh,MET_trace,0.4,q90_95,398.0,398.0
exact_plus_unit_weight_metadata,Run2016G_remote_mht_aware_fresh,MET_trace,0.4,q95_97,263.0,120.00107797664934
exact_plus_unit_weight_metadata,Run2016G_remote_mht_aware_fresh,MET_trace,0.4,q97_98,153.0,40.18519146790241
exact_plus_unit_weight_metadata,Run2016G_remote_mht_aware_fresh,MET_trace,0.4,q98_99,186.0,51.70638587295149
exact_plus_unit_weight_metadata,Run2016G_remote_mht_aware_fresh,MET_trace,0.4,q99_100,200.0,53.37259625959194
exact_plus_unit_weight_metadata,Run2016G_remote_mht_aware_fresh,MET_trace,0.5,q90_95,398.0,398.0
exact_plus_unit_weight_metadata,Run2016G_remote_mht_aware_fresh,MET_trace,0.5,q95_97,263.0,120.00107797664934
exact_plus_unit_weight_metadata,Run2016G_remote_mht_aware_fresh,MET_trace,0.5,q97_98,153.0,40.18519146790241
exact_plus_unit_weight_metadata,Run2016G_remote_mht_aware_fresh,MET_trace,0.5,q98_99,186.0,51.70638587295149
exact_plus_unit_weight_metadata,Run2016G_remote_mht_aware_fresh,MET_trace,0.5,q99_100,200.0,53.37259625959194
exact_plus_unit_weight_metadata,Run2016G_remote_mht_aware_fresh,JetHT_SingleMuon_controls,0.1,q90_95,1525.0,1525.0
exact_plus_unit_weight_metadata,Run2016G_remote_mht_aware_fresh,JetHT_SingleMuon_controls,0.1,q95_97,560.0,459.80312541304073
exact_plus_unit_weight_metadata,Run2016G_remote_mht_aware_fresh,JetHT_SingleMuon_controls,0.1,q97_98,289.0,153.97592208178688
exact_plus_unit_weight_metadata,Run2016G_remote_mht_aware_fresh,JetHT_SingleMuon_controls,0.1,q98_99,309.0,198.12120215138447
exact_plus_unit_weight_metadata,Run2016G_remote_mht_aware_fresh,JetHT_SingleMuon_controls,0.1,q99_100,300.0,204.5055509946676
exact_plus_unit_weight_metadata,Run2016G_remote_mht_aware_fresh,JetHT_SingleMuon_controls,0.2,q90_95,1525.0,1525.0
exact_plus_unit_weight_metadata,Run2016G_remote_mht_aware_fresh,JetHT_SingleMuon_controls,0.2,q95_97,560.0,459.80312541304073
exact_plus_unit_weight_metadata,Run2016G_remote_mht_aware_fresh,JetHT_SingleMuon_controls,0.2,q97_98,289.0,153.97592208178688
exact_plus_unit_weight_metadata,Run2016G_remote_mht_aware_fresh,JetHT_SingleMuon_controls,0.2,q98_99,309.0,198.12120215138447
exact_plus_unit_weight_metadata,Run2016G_remote_mht_aware_fresh,JetHT_SingleMuon_controls,0.2,q99_100,300.0,204.5055509946676
exact_plus_unit_weight_metadata,Run2016G_remote_mht_aware_fresh,JetHT_SingleMuon_controls,0.3,q90_95,1525.0,1525.0
exact_plus_unit_weight_metadata,Run2016G_remote_mht_aware_fresh,JetHT_SingleMuon_controls,0.3,q95_97,560.0,459.80312541304073
exact_plus_unit_weight_metadata,Run2016G_remote_mht_aware_fresh,JetHT_SingleMuon_controls,0.3,q97_98,289.0,153.97592208178688
exact_plus_unit_weight_metadata,Run2016G_remote_mht_aware_fresh,JetHT_SingleMuon_controls,0.3,q98_99,309.0,198.12120215138447
exact_plus_unit_weight_metadata,Run2016G_remote_mht_aware_fresh,JetHT_SingleMuon_controls,0.3,q99_100,300.0,204.5055509946676
exact_plus_unit_weight_metadata,Run2016G_remote_mht_aware_fresh,JetHT_SingleMuon_controls,0.4,q90_95,1525.0,1525.0
exact_plus_unit_weight_metadata,Run2016G_remote_mht_aware_fresh,JetHT_SingleMuon_controls,0.4,q95_97,560.0,459.80312541304073
exact_plus_unit_weight_metadata,Run2016G_remote_mht_aware_fresh,JetHT_SingleMuon_controls,0.4,q97_98,289.0,153.97592208178688
exact_plus_unit_weight_metadata,Run2016G_remote_mht_aware_fresh,JetHT_SingleMuon_controls,0.4,q98_99,309.0,198.12120215138447
exact_plus_unit_weight_metadata,Run2016G_remote_mht_aware_fresh,JetHT_SingleMuon_controls,0.4,q99_100,300.0,204.5055509946676
exact_plus_unit_weight_metadata,Run2016G_remote_mht_aware_fresh,JetHT_SingleMuon_controls,0.5,q90_95,1525.0,1525.0
exact_plus_unit_weight_metadata,Run2016G_remote_mht_aware_fresh,JetHT_SingleMuon_controls,0.5,q95_97,560.0,459.80312541304073
exact_plus_unit_weight_metadata,Run2016G_remote_mht_aware_fresh,JetHT_SingleMuon_controls,0.5,q97_98,289.0,153.97592208178688
exact_plus_unit_weight_metadata,Run2016G_remote_mht_aware_fresh,JetHT_SingleMuon_controls,0.5,q98_99,309.0,198.12120215138447
exact_plus_unit_weight_metadata,Run2016G_remote_mht_aware_fresh,JetHT_SingleMuon_controls,0.5,q99_100,300.0,204.5055509946676
