row_id,analysis,signal_region,HT_or_meff,MET,N_btags,N_jets,N_leptons,is_compressed,is_disappearing_track,is_displaced,is_high_MET,is_high_multiplicity,is_long_lived,is_reconstruction_difficult
0,ATLAS-SUSY-2015-02-eff,SR1,,,,,,0.0,0.0,0.0,0.0,0.0,0.0,0.0
1,ATLAS-SUSY-2015-02-eff,SR2,,,,,,0.0,0.0,0.0,0.0,0.0,0.0,0.0
2,ATLAS-SUSY-2015-02-eff,SR3,,,,,,0.0,0.0,0.0,0.0,0.0,0.0,0.0
3,ATLAS-SUSY-2015-06-eff,SR2jl,,,,2.0,,0.0,0.0,0.0,0.0,0.0,0.0,0.0
4,ATLAS-SUSY-2015-06-eff,SR2jm,,,,2.0,,0.0,0.0,0.0,0.0,0.0,0.0,0.0
5,ATLAS-SUSY-2015-06-eff,SR2jt,,,,2.0,,0.0,0.0,0.0,0.0,0.0,0.0,0.0
6,ATLAS-SUSY-2015-06-eff,SR4jt,,,,4.0,,0.0,0.0,0.0,0.0,0.0,0.0,0.0
7,ATLAS-SUSY-2015-06-eff,SR5j,,,,5.0,,0.0,0.0,0.0,0.0,0.0,0.0,0.0
8,ATLAS-SUSY-2015-06-eff,SR6jm,,,,6.0,,0.0,0.0,0.0,0.0,0.0,0.0,0.0
9,ATLAS-SUSY-2015-06-eff,SR6jt,,,,6.0,,0.0,0.0,0.0,0.0,0.0,0.0,0.0
10,ATLAS-SUSY-2016-06-eff,SR_EW,,,,,,0.0,0.0,0.0,0.0,0.0,0.0,0.0
11,ATLAS-SUSY-2016-07-eff,2j_Meff_1200,1200.0,,,2.0,,0.0,0.0,0.0,0.0,0.0,0.0,0.0
12,ATLAS-SUSY-2016-07-eff,2j_Meff_1600,1600.0,,,2.0,,0.0,0.0,0.0,0.0,0.0,0.0,0.0
13,ATLAS-SUSY-2016-07-eff,2j_Meff_2000,2000.0,,,2.0,,0.0,0.0,0.0,0.0,0.0,0.0,0.0
14,ATLAS-SUSY-2016-07-eff,2j_Meff_2100,2100.0,,,2.0,,0.0,0.0,0.0,0.0,0.0,0.0,0.0
15,ATLAS-SUSY-2016-07-eff,2j_Meff_2400,2400.0,,,2.0,,0.0,0.0,0.0,0.0,0.0,0.0,0.0
16,ATLAS-SUSY-2016-07-eff,2j_Meff_2800,2800.0,,,2.0,,0.0,0.0,0.0,0.0,0.0,0.0,0.0
17,ATLAS-SUSY-2016-07-eff,2j_Meff_3600,3600.0,,,2.0,,0.0,0.0,0.0,0.0,0.0,0.0,0.0
18,ATLAS-SUSY-2016-07-eff,3j_Meff_1300,1300.0,,,3.0,,0.0,0.0,0.0,0.0,0.0,0.0,0.0
19,ATLAS-SUSY-2016-07-eff,4j_Meff_1000,1000.0,,,4.0,,0.0,0.0,0.0,0.0,0.0,0.0,0.0
20,ATLAS-SUSY-2016-07-eff,4j_Meff_1400,1400.0,,,4.0,,0.0,0.0,0.0,0.0,0.0,0.0,0.0
21,ATLAS-SUSY-2016-07-eff,4j_Meff_1800,1800.0,,,4.0,,0.0,0.0,0.0,0.0,0.0,0.0,0.0
22,ATLAS-SUSY-2016-07-eff,4j_Meff_2200,2200.0,,,4.0,,0.0,0.0,0.0,0.0,0.0,0.0,0.0
23,ATLAS-SUSY-2016-07-eff,4j_Meff_2600,2600.0,,,4.0,,0.0,0.0,0.0,0.0,0.0,0.0,0.0
24,ATLAS-SUSY-2016-07-eff,4j_Meff_3000,3000.0,,,4.0,,0.0,0.0,0.0,0.0,0.0,0.0,0.0
25,ATLAS-SUSY-2016-07-eff,5j_Meff_1600,1600.0,,,5.0,,0.0,0.0,0.0,0.0,0.0,0.0,0.0
26,ATLAS-SUSY-2016-07-eff,5j_Meff_1700,1700.0,,,5.0,,0.0,0.0,0.0,0.0,0.0,0.0,0.0
27,ATLAS-SUSY-2016-07-eff,5j_Meff_2000,2000.0,,,5.0,,0.0,0.0,0.0,0.0,0.0,0.0,0.0
28,ATLAS-SUSY-2016-07-eff,5j_Meff_2600,2600.0,,,5.0,,0.0,0.0,0.0,0.0,0.0,0.0,0.0
29,ATLAS-SUSY-2016-07-eff,6j_Meff_1200,1200.0,,,6.0,,0.0,0.0,0.0,0.0,0.0,0.0,0.0
30,ATLAS-SUSY-2016-07-eff,6j_Meff_1800,1800.0,,,6.0,,0.0,0.0,0.0,0.0,0.0,0.0,0.0
31,ATLAS-SUSY-2016-07-eff,6j_Meff_2200,2200.0,,,6.0,,0.0,0.0,0.0,0.0,0.0,0.0,0.0
32,ATLAS-SUSY-2016-07-eff,6j_Meff_2600,2600.0,,,6.0,,0.0,0.0,0.0,0.0,0.0,0.0,0.0
33,ATLAS-SUSY-2016-16-eff,bWN,,,,,,0.0,0.0,0.0,0.0,0.0,0.0,0.0
34,ATLAS-SUSY-2016-16-eff,bffN,,,,,,0.0,0.0,0.0,0.0,0.0,0.0,0.0
35,ATLAS-SUSY-2016-16-eff,tN_diag_high,,,,,,0.0,0.0,0.0,0.0,0.0,0.0,0.0
36,ATLAS-SUSY-2016-16-eff,tN_diag_low,,,,,,0.0,0.0,0.0,0.0,0.0,0.0,0.0
37,ATLAS-SUSY-2016-16-eff,tN_diag_med,,,,,,0.0,0.0,0.0,0.0,0.0,0.0,0.0
38,ATLAS-SUSY-2016-16-eff,tN_high,,,,,,0.0,0.0,0.0,0.0,0.0,0.0,0.0
39,ATLAS-SUSY-2016-16-eff,tN_med,,,,,,0.0,0.0,0.0,0.0,0.0,0.0,0.0
40,ATLAS-SUSY-2016-24-eff,SR2-SF-loose,,,,,2.0,0.0,0.0,0.0,0.0,0.0,0.0,0.0
41,ATLAS-SUSY-2016-24-eff,SR2-SF-tight,13.0,,,,2.0,0.0,0.0,0.0,0.0,0.0,0.0,0.0
42,ATLAS-SUSY-2016-24-eff,SR2-high,,,,,,0.0,0.0,0.0,0.0,0.0,0.0,0.0
43,ATLAS-SUSY-2016-24-eff,SR2-int,,,,,,0.0,0.0,0.0,0.0,0.0,0.0,0.0
44,ATLAS-SUSY-2016-24-eff,SR2-low,,,,,,0.0,0.0,0.0,0.0,0.0,0.0,0.0
45,ATLAS-SUSY-2016-24-eff,WZ-0Ja,,,,0.0,,0.0,0.0,0.0,0.0,0.0,0.0,0.0
46,ATLAS-SUSY-2016-24-eff,WZ-0Jb,,,,0.0,,0.0,0.0,0.0,0.0,0.0,0.0,0.0
47,ATLAS-SUSY-2016-24-eff,WZ-0Jc,,,,0.0,,0.0,0.0,0.0,0.0,0.0,0.0,0.0
48,ATLAS-SUSY-2016-24-eff,WZ-1Ja,,,,1.0,,0.0,0.0,0.0,0.0,0.0,0.0,0.0
49,ATLAS-SUSY-2016-24-eff,WZ-1Jb,,,,1.0,,0.0,0.0,0.0,0.0,0.0,0.0,0.0
50,ATLAS-SUSY-2016-24-eff,WZ-1Jc,,,,1.0,,0.0,0.0,0.0,0.0,0.0,0.0,0.0
51,ATLAS-SUSY-2016-27-eff,SRyy-SH,,,,,,0.0,0.0,0.0,0.0,0.0,0.0,0.0
52,ATLAS-SUSY-2016-27-eff,SRyy-SL,,,,,,0.0,0.0,0.0,0.0,0.0,0.0,0.0
53,ATLAS-SUSY-2016-32-eff-trim,SR1FULL_175,,,,,,0.0,0.0,0.0,0.0,0.0,0.0,0.0
54,ATLAS-SUSY-2016-32-eff-trim,SR1FULL_375,,,,,,0.0,0.0,0.0,0.0,0.0,0.0,0.0
55,ATLAS-SUSY-2016-32-eff-trim,SR1FULL_600,,,,,,0.0,0.0,0.0,0.0,0.0,0.0,0.0
56,ATLAS-SUSY-2016-32-eff-trim,SR1FULL_825,,,,,,0.0,0.0,0.0,0.0,0.0,0.0,0.0
57,ATLAS-SUSY-2016-32-eff-trim,SR2FULL_150,,,,,,0.0,0.0,0.0,0.0,0.0,0.0,0.0
58,ATLAS-SUSY-2016-32-eff-trim,SR2FULL_350,,,,,,0.0,0.0,0.0,0.0,0.0,0.0,0.0
59,ATLAS-SUSY-2016-32-eff-trim,SR2FULL_575,,,,,,0.0,0.0,0.0,0.0,0.0,0.0,0.0
60,ATLAS-SUSY-2016-32-eff-trim,SR2FULL_800,,,,,,0.0,0.0,0.0,0.0,0.0,0.0,0.0
61,ATLAS-SUSY-2017-03-eff,SR2l_High,,,,,2.0,0.0,0.0,0.0,0.0,0.0,0.0,0.0
62,ATLAS-SUSY-2017-03-eff,SR2l_ISR,,,,,2.0,1.0,0.0,0.0,0.0,0.0,0.0,1.0
63,ATLAS-SUSY-2017-03-eff,SR2l_Int,,,,,2.0,0.0,0.0,0.0,0.0,0.0,0.0,0.0
64,ATLAS-SUSY-2017-03-eff,SR2l_Low,,,,,2.0,0.0,0.0,0.0,0.0,0.0,0.0,0.0
65,ATLAS-SUSY-2017-03-eff,SR3l_High,,,,,,0.0,0.0,0.0,0.0,0.0,0.0,0.0
66,ATLAS-SUSY-2017-03-eff,SR3l_ISR,,,,,,1.0,0.0,0.0,0.0,0.0,0.0,1.0
67,ATLAS-SUSY-2017-03-eff,SR3l_Int,,,,,,0.0,0.0,0.0,0.0,0.0,0.0,0.0
68,ATLAS-SUSY-2017-03-eff,SR3l_Low,,,,,,0.0,0.0,0.0,0.0,0.0,0.0,0.0
69,ATLAS-SUSY-2018-04-eff,SRhigh,,,,,,0.0,0.0,0.0,0.0,0.0,0.0,0.0
70,ATLAS-SUSY-2018-04-eff,SRlow,,,,,,0.0,0.0,0.0,0.0,0.0,0.0,0.0
71,ATLAS-SUSY-2018-05-ewk-eff,SRHigh16_1_cuts,,,,,,0.0,0.0,0.0,0.0,0.0,0.0,0.0
72,ATLAS-SUSY-2018-05-ewk-eff,SRHigh16_2_cuts,,,,,,0.0,0.0,0.0,0.0,0.0,0.0,0.0
73,ATLAS-SUSY-2018-05-ewk-eff,SRHigh4_cuts,,,,,,0.0,0.0,0.0,0.0,0.0,0.0,0.0
74,ATLAS-SUSY-2018-05-ewk-eff,SRHigh8_1_cuts,,,,,,0.0,0.0,0.0,0.0,0.0,0.0,0.0
75,ATLAS-SUSY-2018-05-ewk-eff,SRHigh8_2_cuts,,,,,,0.0,0.0,0.0,0.0,0.0,0.0,0.0
76,ATLAS-SUSY-2018-05-ewk-eff,SRInt_1_cuts,,,,,,0.0,0.0,0.0,0.0,0.0,0.0,0.0
77,ATLAS-SUSY-2018-05-ewk-eff,SRInt_2_cuts,,,,,,0.0,0.0,0.0,0.0,0.0,0.0,0.0
78,ATLAS-SUSY-2018-05-ewk-eff,SRLow2_cuts,,,,,,0.0,0.0,0.0,0.0,0.0,0.0,0.0
79,ATLAS-SUSY-2018-05-ewk-eff,SRLow_1_cuts,,,,,,0.0,0.0,0.0,0.0,0.0,0.0,0.0
80,ATLAS-SUSY-2018-05-ewk-eff,SRLow_2_cuts,,,,,,0.0,0.0,0.0,0.0,0.0,0.0,0.0
81,ATLAS-SUSY-2018-05-ewk-eff,SROffShell_1_cuts,,,,,,0.0,0.0,0.0,0.0,0.0,0.0,0.0
82,ATLAS-SUSY-2018-05-ewk-eff,SROffShell_2_cuts,,,,,,0.0,0.0,0.0,0.0,0.0,0.0,0.0
83,ATLAS-SUSY-2018-05-ewk-eff,SRllbb_cuts,,,,,,0.0,0.0,0.0,0.0,0.0,0.0,0.0
84,ATLAS-SUSY-2018-05-strong-eff,SRC_Bin_1,,,,,,0.0,0.0,0.0,0.0,0.0,0.0,0.0
85,ATLAS-SUSY-2018-05-strong-eff,SRC_Bin_2,,,,,,0.0,0.0,0.0,0.0,0.0,0.0,0.0
86,ATLAS-SUSY-2018-05-strong-eff,SRC_Bin_3,,,,,,0.0,0.0,0.0,0.0,0.0,0.0,0.0
87,ATLAS-SUSY-2018-05-strong-eff,SRC_Bin_4,,,,,,0.0,0.0,0.0,0.0,0.0,0.0,0.0
88,ATLAS-SUSY-2018-05-strong-eff,SRC_Bin_5,,,,,,0.0,0.0,0.0,0.0,0.0,0.0,0.0
89,ATLAS-SUSY-2018-05-strong-eff,SRC_Bin_6,,,,,,0.0,0.0,0.0,0.0,0.0,0.0,0.0
90,ATLAS-SUSY-2018-05-strong-eff,SRC_Bin_7,,,,,,0.0,0.0,0.0,0.0,0.0,0.0,0.0
91,ATLAS-SUSY-2018-05-strong-eff,SRC_Bin_8,,,,,,0.0,0.0,0.0,0.0,0.0,0.0,0.0
92,ATLAS-SUSY-2018-05-strong-eff,SRHigh_Bin_1,,,,,,0.0,0.0,0.0,0.0,0.0,0.0,0.0
93,ATLAS-SUSY-2018-05-strong-eff,SRHigh_Bin_2,,,,,,0.0,0.0,0.0,0.0,0.0,0.0,0.0
94,ATLAS-SUSY-2018-05-strong-eff,SRHigh_Bin_3,,,,,,0.0,0.0,0.0,0.0,0.0,0.0,0.0
95,ATLAS-SUSY-2018-05-strong-eff,SRLow_Bin_1,,,,,,0.0,0.0,0.0,0.0,0.0,0.0,0.0
96,ATLAS-SUSY-2018-05-strong-eff,SRLow_Bin_2,,,,,,0.0,0.0,0.0,0.0,0.0,0.0,0.0
97,ATLAS-SUSY-2018-05-strong-eff,SRLow_Bin_3,,,,,,0.0,0.0,0.0,0.0,0.0,0.0,0.0
98,ATLAS-SUSY-2018-05-strong-eff,SRLow_Bin_4,,,,,,0.0,0.0,0.0,0.0,0.0,0.0,0.0
99,ATLAS-SUSY-2018-05-strong-eff,SRLow_Bin_5,,,,,,0.0,0.0,0.0,0.0,0.0,0.0,0.0
100,ATLAS-SUSY-2018-05-strong-eff,SRLow_Bin_6,,,,,,0.0,0.0,0.0,0.0,0.0,0.0,0.0
101,ATLAS-SUSY-2018-05-strong-eff,SRLow_Bin_7,,,,,,0.0,0.0,0.0,0.0,0.0,0.0,0.0
102,ATLAS-SUSY-2018-05-strong-eff,SRLow_Bin_8,,,,,,0.0,0.0,0.0,0.0,0.0,0.0,0.0
103,ATLAS-SUSY-2018-05-strong-eff,SRLow_Bin_9,,,,,,0.0,0.0,0.0,0.0,0.0,0.0,0.0
104,ATLAS-SUSY-2018-05-strong-eff,SRMed_Bin_1,,,,,,0.0,0.0,0.0,0.0,0.0,0.0,0.0
105,ATLAS-SUSY-2018-05-strong-eff,SRMed_Bin_2,,,,,,0.0,0.0,0.0,0.0,0.0,0.0,0.0
106,ATLAS-SUSY-2018-05-strong-eff,SRMed_Bin_3,,,,,,0.0,0.0,0.0,0.0,0.0,0.0,0.0
107,ATLAS-SUSY-2018-05-strong-eff,SRMed_Bin_4,,,,,,0.0,0.0,0.0,0.0,0.0,0.0,0.0
108,ATLAS-SUSY-2018-05-strong-eff,SRMed_Bin_5,,,,,,0.0,0.0,0.0,0.0,0.0,0.0,0.0
109,ATLAS-SUSY-2018-05-strong-eff,SRMed_Bin_6,,,,,,0.0,0.0,0.0,0.0,0.0,0.0,0.0
110,ATLAS-SUSY-2018-05-strong-eff,SRZHigh_cuts,,,,,,0.0,0.0,0.0,0.0,0.0,0.0,0.0
111,ATLAS-SUSY-2018-05-strong-eff,SRZLow_cuts,,,,,,0.0,0.0,0.0,0.0,0.0,0.0,0.0
112,ATLAS-SUSY-2018-05-strong-eff,SRZMed_cuts,,,,,,0.0,0.0,0.0,0.0,0.0,0.0,0.0
113,ATLAS-SUSY-2018-06-eff,SR_ISR,,,,,,1.0,0.0,0.0,0.0,0.0,0.0,1.0
114,ATLAS-SUSY-2018-06-eff,SR_low,,,,,,0.0,0.0,0.0,0.0,0.0,0.0,0.0
115,ATLAS-SUSY-2018-08-eff,SR4la,,,,,,0.0,0.0,0.0,0.0,0.0,0.0,0.0
116,ATLAS-SUSY-2018-08-eff,SR4sm,,,,,,0.0,0.0,0.0,0.0,0.0,0.0,0.0
117,ATLAS-SUSY-2018-08-eff,SRDF110,,,,,2.0,0.0,0.0,0.0,0.0,0.0,0.0,0.0
118,ATLAS-SUSY-2018-08-eff,SRDF120,,,,,2.0,0.0,0.0,0.0,0.0,0.0,0.0,0.0
119,ATLAS-SUSY-2018-08-eff,SRDF140,,,,,2.0,0.0,0.0,0.0,0.0,0.0,0.0,0.0
120,ATLAS-SUSY-2018-08-eff,SRDF160,,,,,2.0,0.0,0.0,0.0,0.0,0.0,0.0,0.0
121,ATLAS-SUSY-2018-08-eff,SRDF180,,,,,2.0,0.0,0.0,0.0,0.0,0.0,0.0,0.0
122,ATLAS-SUSY-2018-08-eff,SRDF220,,,,,2.0,0.0,0.0,0.0,0.0,0.0,0.0,0.0
123,ATLAS-SUSY-2018-08-eff,SRDFW,,,,,2.0,0.0,0.0,0.0,0.0,0.0,0.0,0.0
124,ATLAS-SUSY-2018-08-eff,SRDFt,,,,,2.0,0.0,0.0,0.0,0.0,0.0,0.0,0.0
125,ATLAS-SUSY-2018-08-eff,SRSF110,,,,,2.0,0.0,0.0,0.0,0.0,0.0,0.0,0.0
126,ATLAS-SUSY-2018-08-eff,SRSF120,,,,,2.0,0.0,0.0,0.0,0.0,0.0,0.0,0.0
127,ATLAS-SUSY-2018-08-eff,SRSF140,,,,,2.0,0.0,0.0,0.0,0.0,0.0,0.0,0.0
128,ATLAS-SUSY-2018-08-eff,SRSF160,,,,,2.0,0.0,0.0,0.0,0.0,0.0,0.0,0.0
129,ATLAS-SUSY-2018-08-eff,SRSF180,,,,,2.0,0.0,0.0,0.0,0.0,0.0,0.0,0.0
130,ATLAS-SUSY-2018-08-eff,SRSF220,,,,,2.0,0.0,0.0,0.0,0.0,0.0,0.0,0.0
131,ATLAS-SUSY-2018-08-eff,SRSFW,,,,,2.0,0.0,0.0,0.0,0.0,0.0,0.0,0.0
132,ATLAS-SUSY-2018-08-eff,SRSFt,,,,,2.0,0.0,0.0,0.0,0.0,0.0,0.0,0.0
133,ATLAS-SUSY-2018-10-eff,2j0b_1,,,0.0,2.0,,0.0,0.0,0.0,0.0,0.0,0.0,0.0
134,ATLAS-SUSY-2018-10-eff,2j0b_2,,,0.0,2.0,,0.0,0.0,0.0,0.0,0.0,0.0,0.0
135,ATLAS-SUSY-2018-10-eff,2j0b_3,,,0.0,2.0,,0.0,0.0,0.0,0.0,0.0,0.0,0.0
136,ATLAS-SUSY-2018-10-eff,2j1b_1,,,1.0,2.0,,0.0,0.0,0.0,0.0,0.0,0.0,0.0
137,ATLAS-SUSY-2018-10-eff,2j1b_2,,,1.0,2.0,,0.0,0.0,0.0,0.0,0.0,0.0,0.0
138,ATLAS-SUSY-2018-10-eff,2j1b_3,,,1.0,2.0,,0.0,0.0,0.0,0.0,0.0,0.0,0.0
139,ATLAS-SUSY-2018-10-eff,4j0bhighx_1,,,0.0,4.0,,0.0,0.0,0.0,0.0,0.0,0.0,0.0
140,ATLAS-SUSY-2018-10-eff,4j0bhighx_2,,,0.0,4.0,,0.0,0.0,0.0,0.0,0.0,0.0,0.0
141,ATLAS-SUSY-2018-10-eff,4j0bhighx_3,,,0.0,4.0,,0.0,0.0,0.0,0.0,0.0,0.0,0.0
142,ATLAS-SUSY-2018-10-eff,4j0blowx_1,,,0.0,4.0,,0.0,0.0,0.0,0.0,0.0,0.0,0.0
143,ATLAS-SUSY-2018-10-eff,4j0blowx_2,,,0.0,4.0,,0.0,0.0,0.0,0.0,0.0,0.0,0.0
144,ATLAS-SUSY-2018-10-eff,4j0blowx_3,,,0.0,4.0,,0.0,0.0,0.0,0.0,0.0,0.0,0.0
145,ATLAS-SUSY-2018-10-eff,4j1bhighx_1,,,1.0,4.0,,0.0,0.0,0.0,0.0,0.0,0.0,0.0
146,ATLAS-SUSY-2018-10-eff,4j1bhighx_2,,,1.0,4.0,,0.0,0.0,0.0,0.0,0.0,0.0,0.0
147,ATLAS-SUSY-2018-10-eff,4j1bhighx_3,,,1.0,4.0,,0.0,0.0,0.0,0.0,0.0,0.0,0.0
148,ATLAS-SUSY-2018-10-eff,4j1blowx_1,,,1.0,4.0,,0.0,0.0,0.0,0.0,0.0,0.0,0.0
149,ATLAS-SUSY-2018-10-eff,4j1blowx_2,,,1.0,4.0,,0.0,0.0,0.0,0.0,0.0,0.0,0.0
150,ATLAS-SUSY-2018-10-eff,4j1blowx_3,,,1.0,4.0,,0.0,0.0,0.0,0.0,0.0,0.0,0.0
151,ATLAS-SUSY-2018-10-eff,6j0b_1,,,0.0,6.0,,0.0,0.0,0.0,0.0,0.0,0.0,0.0
152,ATLAS-SUSY-2018-10-eff,6j0b_2,,,0.0,6.0,,0.0,0.0,0.0,0.0,0.0,0.0,0.0
153,ATLAS-SUSY-2018-10-eff,6j0b_3,,,0.0,6.0,,0.0,0.0,0.0,0.0,0.0,0.0,0.0
154,ATLAS-SUSY-2018-10-eff,6j0b_4,,,0.0,6.0,,0.0,0.0,0.0,0.0,0.0,0.0,0.0
155,ATLAS-SUSY-2018-10-eff,6j1b_1,,,1.0,6.0,,0.0,0.0,0.0,0.0,0.0,0.0,0.0
156,ATLAS-SUSY-2018-10-eff,6j1b_2,,,1.0,6.0,,0.0,0.0,0.0,0.0,0.0,0.0,0.0
157,ATLAS-SUSY-2018-10-eff,6j1b_3,,,1.0,6.0,,0.0,0.0,0.0,0.0,0.0,0.0,0.0
158,ATLAS-SUSY-2018-10-eff,6j1b_4,,,1.0,6.0,,0.0,0.0,0.0,0.0,0.0,0.0,0.0
159,ATLAS-SUSY-2018-12-eff,SRAT0,,,,,,0.0,0.0,0.0,0.0,0.0,0.0,0.0
160,ATLAS-SUSY-2018-12-eff,SRATT,,,,,,0.0,0.0,0.0,0.0,0.0,0.0,0.0
161,ATLAS-SUSY-2018-12-eff,SRATW,,,,,,0.0,0.0,0.0,0.0,0.0,0.0,0.0
162,ATLAS-SUSY-2018-12-eff,SRBT0,,,,,,0.0,0.0,0.0,0.0,0.0,0.0,0.0
163,ATLAS-SUSY-2018-12-eff,SRBTT,,,,,,0.0,0.0,0.0,0.0,0.0,0.0,0.0
164,ATLAS-SUSY-2018-12-eff,SRBTW,,,,,,0.0,0.0,0.0,0.0,0.0,0.0,0.0
165,ATLAS-SUSY-2018-12-eff,SRC1,,,,,,0.0,0.0,0.0,0.0,0.0,0.0,0.0
166,ATLAS-SUSY-2018-12-eff,SRC2,,,,,,0.0,0.0,0.0,0.0,0.0,0.0,0.0
167,ATLAS-SUSY-2018-12-eff,SRC3,,,,,,0.0,0.0,0.0,0.0,0.0,0.0,0.0
168,ATLAS-SUSY-2018-12-eff,SRC4,,,,,,0.0,0.0,0.0,0.0,0.0,0.0,0.0
169,ATLAS-SUSY-2018-12-eff,SRC5,,,,,,0.0,0.0,0.0,0.0,0.0,0.0,0.0
170,ATLAS-SUSY-2018-12-eff,SRD0,,,,,,0.0,0.0,0.0,0.0,0.0,0.0,0.0
171,ATLAS-SUSY-2018-12-eff,SRD1,,,,,,0.0,0.0,0.0,0.0,0.0,0.0,0.0
172,ATLAS-SUSY-2018-12-eff,SRD2,,,,,,0.0,0.0,0.0,0.0,0.0,0.0,0.0
173,ATLAS-SUSY-2018-13-eff,SR_HighPT,,,,,,0.0,0.0,0.0,0.0,0.0,0.0,0.0
174,ATLAS-SUSY-2018-13-eff,SR_Trackless,,,,,,0.0,0.0,0.0,0.0,0.0,0.0,0.0
175,ATLAS-SUSY-2018-14-eff,SRee,,,,,2.0,0.0,0.0,0.0,0.0,0.0,0.0,0.0
176,ATLAS-SUSY-2018-14-eff,SRem,,,,,2.0,0.0,0.0,0.0,0.0,0.0,0.0,0.0
177,ATLAS-SUSY-2018-14-eff,SRmm,,,,,2.0,0.0,0.0,0.0,0.0,0.0,0.0,0.0
178,ATLAS-SUSY-2018-16-eff,SR_ewk_2l_ee_high_c,,,,,2.0,0.0,0.0,0.0,0.0,0.0,0.0,0.0
179,ATLAS-SUSY-2018-16-eff,SR_ewk_2l_ee_high_d,,,,,2.0,0.0,0.0,0.0,0.0,0.0,0.0,0.0
180,ATLAS-SUSY-2018-16-eff,SR_ewk_2l_ee_high_e,,,,,2.0,0.0,0.0,0.0,0.0,0.0,0.0,0.0
181,ATLAS-SUSY-2018-16-eff,SR_ewk_2l_ee_high_f,,,,,2.0,0.0,0.0,0.0,0.0,0.0,0.0,0.0
182,ATLAS-SUSY-2018-16-eff,SR_ewk_2l_ee_high_g,,,,,2.0,0.0,0.0,0.0,0.0,0.0,0.0,0.0
183,ATLAS-SUSY-2018-16-eff,SR_ewk_2l_ee_high_h,,,,,2.0,0.0,0.0,0.0,0.0,0.0,0.0,0.0
184,ATLAS-SUSY-2018-16-eff,SR_ewk_2l_ee_low_c,,,,,2.0,0.0,0.0,0.0,0.0,0.0,0.0,0.0
185,ATLAS-SUSY-2018-16-eff,SR_ewk_2l_ee_low_d,,,,,2.0,0.0,0.0,0.0,0.0,0.0,0.0,0.0
186,ATLAS-SUSY-2018-16-eff,SR_ewk_2l_ee_low_e,,,,,2.0,0.0,0.0,0.0,0.0,0.0,0.0,0.0
187,ATLAS-SUSY-2018-16-eff,SR_ewk_2l_ee_low_f,,,,,2.0,0.0,0.0,0.0,0.0,0.0,0.0,0.0
188,ATLAS-SUSY-2018-16-eff,SR_ewk_2l_ee_low_g,,,,,2.0,0.0,0.0,0.0,0.0,0.0,0.0,0.0
189,ATLAS-SUSY-2018-16-eff,SR_ewk_2l_ee_low_h,,,,,2.0,0.0,0.0,0.0,0.0,0.0,0.0,0.0
190,ATLAS-SUSY-2018-16-eff,SR_ewk_2l_ee_med_c,,,,,2.0,0.0,0.0,0.0,0.0,0.0,0.0,0.0
191,ATLAS-SUSY-2018-16-eff,SR_ewk_2l_ee_med_d,,,,,2.0,0.0,0.0,0.0,0.0,0.0,0.0,0.0
192,ATLAS-SUSY-2018-16-eff,SR_ewk_2l_ee_med_e,,,,,2.0,0.0,0.0,0.0,0.0,0.0,0.0,0.0
193,ATLAS-SUSY-2018-16-eff,SR_ewk_2l_ee_med_f,,,,,2.0,0.0,0.0,0.0,0.0,0.0,0.0,0.0
194,ATLAS-SUSY-2018-16-eff,SR_ewk_2l_mm_high_a,,,,,2.0,0.0,0.0,0.0,0.0,0.0,0.0,0.0
195,ATLAS-SUSY-2018-16-eff,SR_ewk_2l_mm_high_b,,,,,2.0,0.0,0.0,0.0,0.0,0.0,0.0,0.0
196,ATLAS-SUSY-2018-16-eff,SR_ewk_2l_mm_high_c,,,,,2.0,0.0,0.0,0.0,0.0,0.0,0.0,0.0
197,ATLAS-SUSY-2018-16-eff,SR_ewk_2l_mm_high_d,,,,,2.0,0.0,0.0,0.0,0.0,0.0,0.0,0.0
198,ATLAS-SUSY-2018-16-eff,SR_ewk_2l_mm_high_e,,,,,2.0,0.0,0.0,0.0,0.0,0.0,0.0,0.0
199,ATLAS-SUSY-2018-16-eff,SR_ewk_2l_mm_high_f,,,,,2.0,0.0,0.0,0.0,0.0,0.0,0.0,0.0
200,ATLAS-SUSY-2018-16-eff,SR_ewk_2l_mm_high_g,,,,,2.0,0.0,0.0,0.0,0.0,0.0,0.0,0.0
201,ATLAS-SUSY-2018-16-eff,SR_ewk_2l_mm_high_h,,,,,2.0,0.0,0.0,0.0,0.0,0.0,0.0,0.0
202,ATLAS-SUSY-2018-16-eff,SR_ewk_2l_mm_low_a,,,,,2.0,0.0,0.0,0.0,0.0,0.0,0.0,0.0
203,ATLAS-SUSY-2018-16-eff,SR_ewk_2l_mm_low_b,,,,,2.0,0.0,0.0,0.0,0.0,0.0,0.0,0.0
204,ATLAS-SUSY-2018-16-eff,SR_ewk_2l_mm_low_c,,,,,2.0,0.0,0.0,0.0,0.0,0.0,0.0,0.0
205,ATLAS-SUSY-2018-16-eff,SR_ewk_2l_mm_low_d,,,,,2.0,0.0,0.0,0.0,0.0,0.0,0.0,0.0
206,ATLAS-SUSY-2018-16-eff,SR_ewk_2l_mm_low_e,,,,,2.0,0.0,0.0,0.0,0.0,0.0,0.0,0.0
207,ATLAS-SUSY-2018-16-eff,SR_ewk_2l_mm_low_f,,,,,2.0,0.0,0.0,0.0,0.0,0.0,0.0,0.0
208,ATLAS-SUSY-2018-16-eff,SR_ewk_2l_mm_low_g,,,,,2.0,0.0,0.0,0.0,0.0,0.0,0.0,0.0
209,ATLAS-SUSY-2018-16-eff,SR_ewk_2l_mm_low_h,,,,,2.0,0.0,0.0,0.0,0.0,0.0,0.0,0.0
210,ATLAS-SUSY-2018-16-eff,SR_ewk_2l_mm_med_a,,,,,2.0,0.0,0.0,0.0,0.0,0.0,0.0,0.0
211,ATLAS-SUSY-2018-16-eff,SR_ewk_2l_mm_med_b,,,,,2.0,0.0,0.0,0.0,0.0,0.0,0.0,0.0
212,ATLAS-SUSY-2018-16-eff,SR_ewk_2l_mm_med_c,,,,,2.0,0.0,0.0,0.0,0.0,0.0,0.0,0.0
213,ATLAS-SUSY-2018-16-eff,SR_ewk_2l_mm_med_d,,,,,2.0,0.0,0.0,0.0,0.0,0.0,0.0,0.0
214,ATLAS-SUSY-2018-16-eff,SR_ewk_2l_mm_med_e,,,,,2.0,0.0,0.0,0.0,0.0,0.0,0.0,0.0
215,ATLAS-SUSY-2018-16-eff,SR_ewk_2l_mm_med_f,,,,,2.0,0.0,0.0,0.0,0.0,0.0,0.0,0.0
216,ATLAS-SUSY-2018-16-eff,SR_slep_2l_ee_high_a,,,,,2.0,0.0,0.0,0.0,0.0,0.0,0.0,0.0
217,ATLAS-SUSY-2018-16-eff,SR_slep_2l_ee_high_b,,,,,2.0,0.0,0.0,0.0,0.0,0.0,0.0,0.0
218,ATLAS-SUSY-2018-16-eff,SR_slep_2l_ee_high_c,,,,,2.0,0.0,0.0,0.0,0.0,0.0,0.0,0.0
219,ATLAS-SUSY-2018-16-eff,SR_slep_2l_ee_high_d,,,,,2.0,0.0,0.0,0.0,0.0,0.0,0.0,0.0
220,ATLAS-SUSY-2018-16-eff,SR_slep_2l_ee_high_e,,,,,2.0,0.0,0.0,0.0,0.0,0.0,0.0,0.0
221,ATLAS-SUSY-2018-16-eff,SR_slep_2l_ee_high_f,,,,,2.0,0.0,0.0,0.0,0.0,0.0,0.0,0.0
222,ATLAS-SUSY-2018-16-eff,SR_slep_2l_ee_high_g,,,,,2.0,0.0,0.0,0.0,0.0,0.0,0.0,0.0
223,ATLAS-SUSY-2018-16-eff,SR_slep_2l_ee_high_h,,,,,2.0,0.0,0.0,0.0,0.0,0.0,0.0,0.0
224,ATLAS-SUSY-2018-16-eff,SR_slep_2l_ee_low_a,,,,,2.0,0.0,0.0,0.0,0.0,0.0,0.0,0.0
225,ATLAS-SUSY-2018-16-eff,SR_slep_2l_ee_low_b,,,,,2.0,0.0,0.0,0.0,0.0,0.0,0.0,0.0
226,ATLAS-SUSY-2018-16-eff,SR_slep_2l_ee_low_c,,,,,2.0,0.0,0.0,0.0,0.0,0.0,0.0,0.0
227,ATLAS-SUSY-2018-16-eff,SR_slep_2l_ee_low_d,,,,,2.0,0.0,0.0,0.0,0.0,0.0,0.0,0.0
228,ATLAS-SUSY-2018-16-eff,SR_slep_2l_ee_low_e,,,,,2.0,0.0,0.0,0.0,0.0,0.0,0.0,0.0
229,ATLAS-SUSY-2018-16-eff,SR_slep_2l_ee_low_f,,,,,2.0,0.0,0.0,0.0,0.0,0.0,0.0,0.0
230,ATLAS-SUSY-2018-16-eff,SR_slep_2l_ee_low_g,,,,,2.0,0.0,0.0,0.0,0.0,0.0,0.0,0.0
231,ATLAS-SUSY-2018-16-eff,SR_slep_2l_ee_low_h,,,,,2.0,0.0,0.0,0.0,0.0,0.0,0.0,0.0
232,ATLAS-SUSY-2018-16-eff,SR_slep_2l_mm_high_a,,,,,2.0,0.0,0.0,0.0,0.0,0.0,0.0,0.0
233,ATLAS-SUSY-2018-16-eff,SR_slep_2l_mm_high_b,,,,,2.0,0.0,0.0,0.0,0.0,0.0,0.0,0.0
234,ATLAS-SUSY-2018-16-eff,SR_slep_2l_mm_high_c,,,,,2.0,0.0,0.0,0.0,0.0,0.0,0.0,0.0
235,ATLAS-SUSY-2018-16-eff,SR_slep_2l_mm_high_d,,,,,2.0,0.0,0.0,0.0,0.0,0.0,0.0,0.0
236,ATLAS-SUSY-2018-16-eff,SR_slep_2l_mm_high_e,,,,,2.0,0.0,0.0,0.0,0.0,0.0,0.0,0.0
237,ATLAS-SUSY-2018-16-eff,SR_slep_2l_mm_high_f,,,,,2.0,0.0,0.0,0.0,0.0,0.0,0.0,0.0
238,ATLAS-SUSY-2018-16-eff,SR_slep_2l_mm_high_g,,,,,2.0,0.0,0.0,0.0,0.0,0.0,0.0,0.0
239,ATLAS-SUSY-2018-16-eff,SR_slep_2l_mm_high_h,,,,,2.0,0.0,0.0,0.0,0.0,0.0,0.0,0.0
240,ATLAS-SUSY-2018-16-eff,SR_slep_2l_mm_low_a,,,,,2.0,0.0,0.0,0.0,0.0,0.0,0.0,0.0
241,ATLAS-SUSY-2018-16-eff,SR_slep_2l_mm_low_b,,,,,2.0,0.0,0.0,0.0,0.0,0.0,0.0,0.0
242,ATLAS-SUSY-2018-16-eff,SR_slep_2l_mm_low_c,,,,,2.0,0.0,0.0,0.0,0.0,0.0,0.0,0.0
243,ATLAS-SUSY-2018-16-eff,SR_slep_2l_mm_low_d,,,,,2.0,0.0,0.0,0.0,0.0,0.0,0.0,0.0
244,ATLAS-SUSY-2018-16-eff,SR_slep_2l_mm_low_e,,,,,2.0,0.0,0.0,0.0,0.0,0.0,0.0,0.0
245,ATLAS-SUSY-2018-16-eff,SR_slep_2l_mm_low_f,,,,,2.0,0.0,0.0,0.0,0.0,0.0,0.0,0.0
246,ATLAS-SUSY-2018-16-eff,SR_slep_2l_mm_low_g,,,,,2.0,0.0,0.0,0.0,0.0,0.0,0.0,0.0
247,ATLAS-SUSY-2018-16-eff,SR_slep_2l_mm_low_h,,,,,2.0,0.0,0.0,0.0,0.0,0.0,0.0,0.0
248,ATLAS-SUSY-2018-16-hino-eff,SR_ewk_1l1T,,,,,,0.0,0.0,0.0,0.0,0.0,0.0,0.0
249,ATLAS-SUSY-2018-16-hino-eff,SR_ewk_2l_high,,,,,2.0,0.0,0.0,0.0,0.0,0.0,0.0,0.0
250,ATLAS-SUSY-2018-16-hino-eff,SR_ewk_2l_low,,,,,2.0,0.0,0.0,0.0,0.0,0.0,0.0,0.0
251,ATLAS-SUSY-2018-16-hino-eff,SR_ewk_2l_med,,,,,2.0,0.0,0.0,0.0,0.0,0.0,0.0,0.0
252,ATLAS-SUSY-2018-19-eff,SR_EW,,,,,,0.0,0.0,0.0,0.0,0.0,0.0,0.0
253,ATLAS-SUSY-2018-22-eff,BDT_GGd1,,,,,,0.0,0.0,0.0,0.0,0.0,0.0,1.0
254,ATLAS-SUSY-2018-22-eff,BDT_GGd2,,,,,,0.0,0.0,0.0,0.0,0.0,0.0,1.0
255,ATLAS-SUSY-2018-22-eff,BDT_GGd3,,,,,,0.0,0.0,0.0,0.0,0.0,0.0,1.0
256,ATLAS-SUSY-2018-22-eff,BDT_GGd4,,,,,,0.0,0.0,0.0,0.0,0.0,0.0,1.0
257,ATLAS-SUSY-2018-22-eff,BDT_GGo1,,,,,,0.0,0.0,0.0,0.0,0.0,0.0,1.0
258,ATLAS-SUSY-2018-22-eff,BDT_GGo2,,,,,,0.0,0.0,0.0,0.0,0.0,0.0,1.0
259,ATLAS-SUSY-2018-22-eff,BDT_GGo3,,,,,,0.0,0.0,0.0,0.0,0.0,0.0,1.0
260,ATLAS-SUSY-2018-22-eff,BDT_GGo4,,,,,,0.0,0.0,0.0,0.0,0.0,0.0,1.0
261,ATLAS-SUSY-2018-22-eff,SR2j_1600,1600.0,,,2.0,,0.0,0.0,0.0,0.0,0.0,0.0,0.0
262,ATLAS-SUSY-2018-22-eff,SR2j_2200,2200.0,,,2.0,,0.0,0.0,0.0,0.0,0.0,0.0,0.0
263,ATLAS-SUSY-2018-22-eff,SR2j_2800,2800.0,,,2.0,,0.0,0.0,0.0,0.0,0.0,0.0,0.0
264,ATLAS-SUSY-2018-22-eff,SR4j_1000,1000.0,,,4.0,,0.0,0.0,0.0,0.0,0.0,0.0,0.0
265,ATLAS-SUSY-2018-22-eff,SR4j_2200,2200.0,,,4.0,,0.0,0.0,0.0,0.0,0.0,0.0,0.0
266,ATLAS-SUSY-2018-22-eff,SR4j_3400,3400.0,,,4.0,,0.0,0.0,0.0,0.0,0.0,0.0,0.0
267,ATLAS-SUSY-2018-22-eff,SR5j_1600,1600.0,,,5.0,,0.0,0.0,0.0,0.0,0.0,0.0,0.0
268,ATLAS-SUSY-2018-22-eff,SR6j_1000,1000.0,,,6.0,,0.0,0.0,0.0,0.0,0.0,0.0,0.0
269,ATLAS-SUSY-2018-22-eff,SR6j_2200,2200.0,,,6.0,,0.0,0.0,0.0,0.0,0.0,0.0,0.0
270,ATLAS-SUSY-2018-22-eff,SR6j_3400,3400.0,,,6.0,,0.0,0.0,0.0,0.0,0.0,0.0,0.0
271,ATLAS-SUSY-2018-22-multibin-eff,MB-C-2-1600-16,,,,,,0.0,0.0,0.0,0.0,0.0,0.0,0.0
272,ATLAS-SUSY-2018-22-multibin-eff,MB-C-2-1600-22,,,,,,0.0,0.0,0.0,0.0,0.0,0.0,0.0
273,ATLAS-SUSY-2018-22-multibin-eff,MB-C-2-2200-16,,,,,,0.0,0.0,0.0,0.0,0.0,0.0,0.0
274,ATLAS-SUSY-2018-22-multibin-eff,MB-C-2-2200-22,,,,,,0.0,0.0,0.0,0.0,0.0,0.0,0.0
275,ATLAS-SUSY-2018-22-multibin-eff,MB-C-2-2800-16,,,,,,0.0,0.0,0.0,0.0,0.0,0.0,0.0
276,ATLAS-SUSY-2018-22-multibin-eff,MB-C-2-2800-22,,,,,,0.0,0.0,0.0,0.0,0.0,0.0,0.0
277,ATLAS-SUSY-2018-22-multibin-eff,MB-C-4-1600-16,,,,,,0.0,0.0,0.0,0.0,0.0,0.0,0.0
278,ATLAS-SUSY-2018-22-multibin-eff,MB-C-4-1600-22,,,,,,0.0,0.0,0.0,0.0,0.0,0.0,0.0
279,ATLAS-SUSY-2018-22-multibin-eff,MB-C-4-2200-16,,,,,,0.0,0.0,0.0,0.0,0.0,0.0,0.0
280,ATLAS-SUSY-2018-22-multibin-eff,MB-C-4-2200-22,,,,,,0.0,0.0,0.0,0.0,0.0,0.0,0.0
281,ATLAS-SUSY-2018-22-multibin-eff,MB-C-4-2800-16,,,,,,0.0,0.0,0.0,0.0,0.0,0.0,0.0
282,ATLAS-SUSY-2018-22-multibin-eff,MB-C-4-2800-22,,,,,,0.0,0.0,0.0,0.0,0.0,0.0,0.0
283,ATLAS-SUSY-2018-22-multibin-eff,MB-C-5-1600-16,,,,,,0.0,0.0,0.0,0.0,0.0,0.0,0.0
284,ATLAS-SUSY-2018-22-multibin-eff,MB-C-5-1600-22,,,,,,0.0,0.0,0.0,0.0,0.0,0.0,0.0
285,ATLAS-SUSY-2018-22-multibin-eff,MB-C-5-2200-16,,,,,,0.0,0.0,0.0,0.0,0.0,0.0,0.0
286,ATLAS-SUSY-2018-22-multibin-eff,MB-C-5-2200-22,,,,,,0.0,0.0,0.0,0.0,0.0,0.0,0.0
287,ATLAS-SUSY-2018-22-multibin-eff,MB-C-5-2800-16,,,,,,0.0,0.0,0.0,0.0,0.0,0.0,0.0
288,ATLAS-SUSY-2018-22-multibin-eff,MB-C-5-2800-22,,,,,,0.0,0.0,0.0,0.0,0.0,0.0,0.0
289,ATLAS-SUSY-2018-22-multibin-eff,MB-GGd-4-1000-10,,,,,,0.0,0.0,0.0,0.0,0.0,0.0,0.0
290,ATLAS-SUSY-2018-22-multibin-eff,MB-GGd-4-1000-16,,,,,,0.0,0.0,0.0,0.0,0.0,0.0,0.0
291,ATLAS-SUSY-2018-22-multibin-eff,MB-GGd-4-1000-22,,,,,,0.0,0.0,0.0,0.0,0.0,0.0,0.0
292,ATLAS-SUSY-2018-22-multibin-eff,MB-GGd-4-1600-10,,,,,,0.0,0.0,0.0,0.0,0.0,0.0,0.0
293,ATLAS-SUSY-2018-22-multibin-eff,MB-GGd-4-1600-16,,,,,,0.0,0.0,0.0,0.0,0.0,0.0,0.0
294,ATLAS-SUSY-2018-22-multibin-eff,MB-GGd-4-1600-22,,,,,,0.0,0.0,0.0,0.0,0.0,0.0,0.0
295,ATLAS-SUSY-2018-22-multibin-eff,MB-GGd-4-2200-10,,,,,,0.0,0.0,0.0,0.0,0.0,0.0,0.0
296,ATLAS-SUSY-2018-22-multibin-eff,MB-GGd-4-2200-16,,,,,,0.0,0.0,0.0,0.0,0.0,0.0,0.0
297,ATLAS-SUSY-2018-22-multibin-eff,MB-GGd-4-2200-22,,,,,,0.0,0.0,0.0,0.0,0.0,0.0,0.0
298,ATLAS-SUSY-2018-22-multibin-eff,MB-GGd-4-2800-10,,,,,,0.0,0.0,0.0,0.0,0.0,0.0,0.0
299,ATLAS-SUSY-2018-22-multibin-eff,MB-GGd-4-2800-16,,,,,,0.0,0.0,0.0,0.0,0.0,0.0,0.0
300,ATLAS-SUSY-2018-22-multibin-eff,MB-GGd-4-2800-22,,,,,,0.0,0.0,0.0,0.0,0.0,0.0,0.0
301,ATLAS-SUSY-2018-22-multibin-eff,MB-GGd-4-3400-10,,,,,,0.0,0.0,0.0,0.0,0.0,0.0,0.0
302,ATLAS-SUSY-2018-22-multibin-eff,MB-GGd-4-3400-16,,,,,,0.0,0.0,0.0,0.0,0.0,0.0,0.0
303,ATLAS-SUSY-2018-22-multibin-eff,MB-GGd-4-3400-22,,,,,,0.0,0.0,0.0,0.0,0.0,0.0,0.0
304,ATLAS-SUSY-2018-22-multibin-eff,MB-GGd-4-4000-10,,,,,,0.0,0.0,0.0,0.0,0.0,0.0,0.0
305,ATLAS-SUSY-2018-22-multibin-eff,MB-GGd-4-4000-16,,,,,,0.0,0.0,0.0,0.0,0.0,0.0,0.0
306,ATLAS-SUSY-2018-22-multibin-eff,MB-GGd-4-4000-22,,,,,,0.0,0.0,0.0,0.0,0.0,0.0,0.0
307,ATLAS-SUSY-2018-22-multibin-eff,MB-SSd-2-1000-10,,,,,,0.0,0.0,0.0,0.0,0.0,0.0,0.0
308,ATLAS-SUSY-2018-22-multibin-eff,MB-SSd-2-1000-16,,,,,,0.0,0.0,0.0,0.0,0.0,0.0,0.0
309,ATLAS-SUSY-2018-22-multibin-eff,MB-SSd-2-1000-22,,,,,,0.0,0.0,0.0,0.0,0.0,0.0,0.0
310,ATLAS-SUSY-2018-22-multibin-eff,MB-SSd-2-1600-10,,,,,,0.0,0.0,0.0,0.0,0.0,0.0,0.0
311,ATLAS-SUSY-2018-22-multibin-eff,MB-SSd-2-1600-16,,,,,,0.0,0.0,0.0,0.0,0.0,0.0,0.0
312,ATLAS-SUSY-2018-22-multibin-eff,MB-SSd-2-1600-22,,,,,,0.0,0.0,0.0,0.0,0.0,0.0,0.0
313,ATLAS-SUSY-2018-22-multibin-eff,MB-SSd-2-2200-16,,,,,,0.0,0.0,0.0,0.0,0.0,0.0,0.0
314,ATLAS-SUSY-2018-22-multibin-eff,MB-SSd-2-2200-22,,,,,,0.0,0.0,0.0,0.0,0.0,0.0,0.0
315,ATLAS-SUSY-2018-22-multibin-eff,MB-SSd-2-2800-16,,,,,,0.0,0.0,0.0,0.0,0.0,0.0,0.0
316,ATLAS-SUSY-2018-22-multibin-eff,MB-SSd-2-2800-22,,,,,,0.0,0.0,0.0,0.0,0.0,0.0,0.0
317,ATLAS-SUSY-2018-22-multibin-eff,MB-SSd-2-3400-22,,,,,,0.0,0.0,0.0,0.0,0.0,0.0,0.0
318,ATLAS-SUSY-2018-22-multibin-eff,MB-SSd-2-3400-28,,,,,,0.0,0.0,0.0,0.0,0.0,0.0,0.0
319,ATLAS-SUSY-2018-22-multibin-eff,MB-SSd-2-4000-22,,,,,,0.0,0.0,0.0,0.0,0.0,0.0,0.0
320,ATLAS-SUSY-2018-22-multibin-eff,MB-SSd-2-4000-28,,,,,,0.0,0.0,0.0,0.0,0.0,0.0,0.0
321,ATLAS-SUSY-2018-22-multibin-eff,MB-SSd-4-1000-10,,,,,,0.0,0.0,0.0,0.0,0.0,0.0,0.0
322,ATLAS-SUSY-2018-22-multibin-eff,MB-SSd-4-1000-16,,,,,,0.0,0.0,0.0,0.0,0.0,0.0,0.0
323,ATLAS-SUSY-2018-22-multibin-eff,MB-SSd-4-1000-22,,,,,,0.0,0.0,0.0,0.0,0.0,0.0,0.0
324,ATLAS-SUSY-2018-22-multibin-eff,MB-SSd-4-1600-10,,,,,,0.0,0.0,0.0,0.0,0.0,0.0,0.0
325,ATLAS-SUSY-2018-22-multibin-eff,MB-SSd-4-1600-16,,,,,,0.0,0.0,0.0,0.0,0.0,0.0,0.0
326,ATLAS-SUSY-2018-22-multibin-eff,MB-SSd-4-1600-22,,,,,,0.0,0.0,0.0,0.0,0.0,0.0,0.0
327,ATLAS-SUSY-2018-22-multibin-eff,MB-SSd-4-2200-16,,,,,,0.0,0.0,0.0,0.0,0.0,0.0,0.0
328,ATLAS-SUSY-2018-22-multibin-eff,MB-SSd-4-2200-22,,,,,,0.0,0.0,0.0,0.0,0.0,0.0,0.0
329,ATLAS-SUSY-2018-22-multibin-eff,MB-SSd-4-2800-16,,,,,,0.0,0.0,0.0,0.0,0.0,0.0,0.0
330,ATLAS-SUSY-2018-22-multibin-eff,MB-SSd-4-2800-22,,,,,,0.0,0.0,0.0,0.0,0.0,0.0,0.0
331,ATLAS-SUSY-2018-31-eff,SRA_H,,,,,,0.0,0.0,0.0,0.0,0.0,0.0,0.0
332,ATLAS-SUSY-2018-31-eff,SRA_L,,,,,,0.0,0.0,0.0,0.0,0.0,0.0,0.0
333,ATLAS-SUSY-2018-31-eff,SRA_M,,,,,,0.0,0.0,0.0,0.0,0.0,0.0,0.0
334,ATLAS-SUSY-2018-31-eff,SRB,,,,,,0.0,0.0,0.0,0.0,0.0,0.0,0.0
335,ATLAS-SUSY-2018-31-eff,SRC_22,,,,,,0.0,0.0,0.0,0.0,0.0,0.0,0.0
336,ATLAS-SUSY-2018-31-eff,SRC_24,,,,,,0.0,0.0,0.0,0.0,0.0,0.0,0.0
337,ATLAS-SUSY-2018-31-eff,SRC_26,,,,,,0.0,0.0,0.0,0.0,0.0,0.0,0.0
338,ATLAS-SUSY-2018-31-eff,SRC_28,,,,,,0.0,0.0,0.0,0.0,0.0,0.0,0.0
339,ATLAS-SUSY-2018-32-eff,"SR-DF-0J_mt2=[100,105)",100.0,,,0.0,2.0,0.0,0.0,0.0,0.0,0.0,0.0,0.0
340,ATLAS-SUSY-2018-32-eff,"SR-DF-0J_mt2=[105,110)",105.0,,0.0,0.0,2.0,0.0,0.0,0.0,0.0,0.0,0.0,0.0
341,ATLAS-SUSY-2018-32-eff,"SR-DF-0J_mt2=[110,120)",110.0,,,0.0,2.0,0.0,0.0,0.0,0.0,0.0,0.0,0.0
342,ATLAS-SUSY-2018-32-eff,"SR-DF-0J_mt2=[120,140)",120.0,,,0.0,2.0,0.0,0.0,0.0,0.0,0.0,0.0,0.0
343,ATLAS-SUSY-2018-32-eff,"SR-DF-0J_mt2=[140,160)",140.0,,,0.0,2.0,0.0,0.0,0.0,0.0,0.0,0.0,0.0
344,ATLAS-SUSY-2018-32-eff,"SR-DF-0J_mt2=[160,180)",160.0,,,0.0,2.0,0.0,0.0,0.0,0.0,0.0,0.0,0.0
345,ATLAS-SUSY-2018-32-eff,"SR-DF-0J_mt2=[180,220)",180.0,,,0.0,2.0,0.0,0.0,0.0,0.0,0.0,0.0,0.0
346,ATLAS-SUSY-2018-32-eff,"SR-DF-0J_mt2=[220,260)",220.0,,,0.0,2.0,0.0,0.0,0.0,0.0,0.0,0.0,0.0
347,ATLAS-SUSY-2018-32-eff,"SR-DF-0J_mt2=[260,inf)",260.0,,,0.0,2.0,0.0,0.0,0.0,0.0,0.0,0.0,0.0
348,ATLAS-SUSY-2018-32-eff,"SR-DF-1J_mt2=[100,105)",100.0,,,1.0,2.0,0.0,0.0,0.0,0.0,0.0,0.0,0.0
349,ATLAS-SUSY-2018-32-eff,"SR-DF-1J_mt2=[105,110)",105.0,,1.0,1.0,2.0,0.0,0.0,0.0,0.0,0.0,0.0,0.0
350,ATLAS-SUSY-2018-32-eff,"SR-DF-1J_mt2=[110,120)",110.0,,,1.0,2.0,0.0,0.0,0.0,0.0,0.0,0.0,0.0
351,ATLAS-SUSY-2018-32-eff,"SR-DF-1J_mt2=[120,140)",120.0,,,1.0,2.0,0.0,0.0,0.0,0.0,0.0,0.0,0.0
352,ATLAS-SUSY-2018-32-eff,"SR-DF-1J_mt2=[140,160)",140.0,,,1.0,2.0,0.0,0.0,0.0,0.0,0.0,0.0,0.0
353,ATLAS-SUSY-2018-32-eff,"SR-DF-1J_mt2=[160,180)",160.0,,,1.0,2.0,0.0,0.0,0.0,0.0,0.0,0.0,0.0
354,ATLAS-SUSY-2018-32-eff,"SR-DF-1J_mt2=[180,220)",180.0,,,1.0,2.0,0.0,0.0,0.0,0.0,0.0,0.0,0.0
355,ATLAS-SUSY-2018-32-eff,"SR-DF-1J_mt2=[220,260)",220.0,,,1.0,2.0,0.0,0.0,0.0,0.0,0.0,0.0,0.0
356,ATLAS-SUSY-2018-32-eff,"SR-DF-1J_mt2=[260,inf)",260.0,,,1.0,2.0,0.0,0.0,0.0,0.0,0.0,0.0,0.0
357,ATLAS-SUSY-2018-32-eff,"SR-SF-0J_mt2=[100,105)",100.0,,,0.0,2.0,0.0,0.0,0.0,0.0,0.0,0.0,0.0
358,ATLAS-SUSY-2018-32-eff,"SR-SF-0J_mt2=[105,110)",105.0,,0.0,0.0,2.0,0.0,0.0,0.0,0.0,0.0,0.0,0.0
359,ATLAS-SUSY-2018-32-eff,"SR-SF-0J_mt2=[110,120)",110.0,,,0.0,2.0,0.0,0.0,0.0,0.0,0.0,0.0,0.0
360,ATLAS-SUSY-2018-32-eff,"SR-SF-0J_mt2=[120,140)",120.0,,,0.0,2.0,0.0,0.0,0.0,0.0,0.0,0.0,0.0
361,ATLAS-SUSY-2018-32-eff,"SR-SF-0J_mt2=[140,160)",140.0,,,0.0,2.0,0.0,0.0,0.0,0.0,0.0,0.0,0.0
362,ATLAS-SUSY-2018-32-eff,"SR-SF-0J_mt2=[160,180)",160.0,,,0.0,2.0,0.0,0.0,0.0,0.0,0.0,0.0,0.0
363,ATLAS-SUSY-2018-32-eff,"SR-SF-0J_mt2=[180,220)",180.0,,,0.0,2.0,0.0,0.0,0.0,0.0,0.0,0.0,0.0
364,ATLAS-SUSY-2018-32-eff,"SR-SF-0J_mt2=[220,260)",220.0,,,0.0,2.0,0.0,0.0,0.0,0.0,0.0,0.0,0.0
365,ATLAS-SUSY-2018-32-eff,"SR-SF-0J_mt2=[260,inf)",260.0,,,0.0,2.0,0.0,0.0,0.0,0.0,0.0,0.0,0.0
366,ATLAS-SUSY-2018-32-eff,"SR-SF-1J_mt2=[100,105)",100.0,,,1.0,2.0,0.0,0.0,0.0,0.0,0.0,0.0,0.0
367,ATLAS-SUSY-2018-32-eff,"SR-SF-1J_mt2=[105,110)",105.0,,1.0,1.0,2.0,0.0,0.0,0.0,0.0,0.0,0.0,0.0
368,ATLAS-SUSY-2018-32-eff,"SR-SF-1J_mt2=[110,120)",110.0,,,1.0,2.0,0.0,0.0,0.0,0.0,0.0,0.0,0.0
369,ATLAS-SUSY-2018-32-eff,"SR-SF-1J_mt2=[120,140)",120.0,,,1.0,2.0,0.0,0.0,0.0,0.0,0.0,0.0,0.0
370,ATLAS-SUSY-2018-32-eff,"SR-SF-1J_mt2=[140,160)",140.0,,,1.0,2.0,0.0,0.0,0.0,0.0,0.0,0.0,0.0
371,ATLAS-SUSY-2018-32-eff,"SR-SF-1J_mt2=[160,180)",160.0,,,1.0,2.0,0.0,0.0,0.0,0.0,0.0,0.0,0.0
372,ATLAS-SUSY-2018-32-eff,"SR-SF-1J_mt2=[180,220)",180.0,,,1.0,2.0,0.0,0.0,0.0,0.0,0.0,0.0,0.0
373,ATLAS-SUSY-2018-32-eff,"SR-SF-1J_mt2=[220,260)",220.0,,,1.0,2.0,0.0,0.0,0.0,0.0,0.0,0.0,0.0
374,ATLAS-SUSY-2018-32-eff,"SR-SF-1J_mt2=[260,inf)",260.0,,,1.0,2.0,0.0,0.0,0.0,0.0,0.0,0.0,0.0
375,ATLAS-SUSY-2018-33-eff,SR_MET,,13.0,,,,0.0,0.0,0.0,0.0,0.0,0.0,0.0
376,ATLAS-SUSY-2018-33-eff,SR_MU,,,,,,0.0,0.0,0.0,0.0,0.0,0.0,0.0
377,ATLAS-SUSY-2018-40-eff,MultiBin1,,,,,,0.0,0.0,0.0,0.0,0.0,0.0,0.0
378,ATLAS-SUSY-2018-40-eff,MultiBin2,,,,,,0.0,0.0,0.0,0.0,0.0,0.0,0.0
379,ATLAS-SUSY-2018-40-eff,MultiBin3,,,,,,0.0,0.0,0.0,0.0,0.0,0.0,0.0
380,ATLAS-SUSY-2018-40-eff,SingleBin,,,,,,0.0,0.0,0.0,0.0,0.0,0.0,0.0
381,ATLAS-SUSY-2018-41-eff,SR-2B2Q-VZ,,,2.0,,,0.0,0.0,0.0,0.0,0.0,0.0,0.0
382,ATLAS-SUSY-2018-41-eff,SR-2B2Q-Vh,,,2.0,,,0.0,0.0,0.0,0.0,0.0,0.0,0.0
383,ATLAS-SUSY-2018-41-eff,SR-4Q-VV,,,,,,0.0,0.0,0.0,0.0,0.0,0.0,0.0
384,ATLAS-SUSY-2018-42-eff,SR1000_High_long,,,,,,0.0,0.0,0.0,0.0,0.0,0.0,0.0
385,ATLAS-SUSY-2018-42-eff,SR1000_Low_long,,,,,,0.0,0.0,0.0,0.0,0.0,0.0,0.0
386,ATLAS-SUSY-2018-42-eff,SR1100_High_long,,,,,,0.0,0.0,0.0,0.0,0.0,0.0,0.0
387,ATLAS-SUSY-2018-42-eff,SR1100_Low_long,,,,,,0.0,0.0,0.0,0.0,0.0,0.0,0.0
388,ATLAS-SUSY-2018-42-eff,SR1200_High_long,,,,,,0.0,0.0,0.0,0.0,0.0,0.0,0.0
389,ATLAS-SUSY-2018-42-eff,SR1200_Low_long,,,,,,0.0,0.0,0.0,0.0,0.0,0.0,0.0
390,ATLAS-SUSY-2018-42-eff,SR1300_High_long,,,,,,0.0,0.0,0.0,0.0,0.0,0.0,0.0
391,ATLAS-SUSY-2018-42-eff,SR1300_Low_long,,,,,,0.0,0.0,0.0,0.0,0.0,0.0,0.0
392,ATLAS-SUSY-2018-42-eff,SR1400_High_long,,,,,,0.0,0.0,0.0,0.0,0.0,0.0,0.0
393,ATLAS-SUSY-2018-42-eff,SR1400_Low_long,,,,,,0.0,0.0,0.0,0.0,0.0,0.0,0.0
394,ATLAS-SUSY-2018-42-eff,SR1500_High_long,,,,,,0.0,0.0,0.0,0.0,0.0,0.0,0.0
395,ATLAS-SUSY-2018-42-eff,SR1500_Low_long,,,,,,0.0,0.0,0.0,0.0,0.0,0.0,0.0
396,ATLAS-SUSY-2018-42-eff,SR1600_High_long,,,,,,0.0,0.0,0.0,0.0,0.0,0.0,0.0
397,ATLAS-SUSY-2018-42-eff,SR1600_Low_long,,,,,,0.0,0.0,0.0,0.0,0.0,0.0,0.0
398,ATLAS-SUSY-2018-42-eff,SR1800_High_long,,,,,,0.0,0.0,0.0,0.0,0.0,0.0,0.0
399,ATLAS-SUSY-2018-42-eff,SR1800_Low_long,,,,,,0.0,0.0,0.0,0.0,0.0,0.0,0.0
400,ATLAS-SUSY-2018-42-eff,SR2000_High_long,,,,,,0.0,0.0,0.0,0.0,0.0,0.0,0.0
401,ATLAS-SUSY-2018-42-eff,SR2000_Low_long,,,,,,0.0,0.0,0.0,0.0,0.0,0.0,0.0
402,ATLAS-SUSY-2018-42-eff,SR200_High_long,,,,,,0.0,0.0,0.0,0.0,0.0,0.0,0.0
403,ATLAS-SUSY-2018-42-eff,SR200_Low_long,,,,,,0.0,0.0,0.0,0.0,0.0,0.0,0.0
404,ATLAS-SUSY-2018-42-eff,SR2200_High_long,,,,,,0.0,0.0,0.0,0.0,0.0,0.0,0.0
405,ATLAS-SUSY-2018-42-eff,SR2200_Low_long,,,,,,0.0,0.0,0.0,0.0,0.0,0.0,0.0
406,ATLAS-SUSY-2018-42-eff,SR2400_High_long,,,,,,0.0,0.0,0.0,0.0,0.0,0.0,0.0
407,ATLAS-SUSY-2018-42-eff,SR2400_Low_long,,,,,,0.0,0.0,0.0,0.0,0.0,0.0,0.0
408,ATLAS-SUSY-2018-42-eff,SR2600_High_long,,,,,,0.0,0.0,0.0,0.0,0.0,0.0,0.0
409,ATLAS-SUSY-2018-42-eff,SR2600_Low_long,,,,,,0.0,0.0,0.0,0.0,0.0,0.0,0.0
410,ATLAS-SUSY-2018-42-eff,SR2800_High_long,,,,,,0.0,0.0,0.0,0.0,0.0,0.0,0.0
411,ATLAS-SUSY-2018-42-eff,SR2800_Low_long,,,,,,0.0,0.0,0.0,0.0,0.0,0.0,0.0
412,ATLAS-SUSY-2018-42-eff,SR3000_High_long,,,,,,0.0,0.0,0.0,0.0,0.0,0.0,0.0
413,ATLAS-SUSY-2018-42-eff,SR3000_Low_long,,,,,,0.0,0.0,0.0,0.0,0.0,0.0,0.0
414,ATLAS-SUSY-2018-42-eff,SR300_High_long,,,,,,0.0,0.0,0.0,0.0,0.0,0.0,0.0
415,ATLAS-SUSY-2018-42-eff,SR300_Low_long,,,,,,0.0,0.0,0.0,0.0,0.0,0.0,0.0
416,ATLAS-SUSY-2018-42-eff,SR400_High_long,,,,,,0.0,0.0,0.0,0.0,0.0,0.0,0.0
417,ATLAS-SUSY-2018-42-eff,SR400_Low_long,,,,,,0.0,0.0,0.0,0.0,0.0,0.0,0.0
418,ATLAS-SUSY-2018-42-eff,SR450_High_long,,,,,,0.0,0.0,0.0,0.0,0.0,0.0,0.0
419,ATLAS-SUSY-2018-42-eff,SR450_Low_long,,,,,,0.0,0.0,0.0,0.0,0.0,0.0,0.0
420,ATLAS-SUSY-2018-42-eff,SR500_High_long,,,,,,0.0,0.0,0.0,0.0,0.0,0.0,0.0
421,ATLAS-SUSY-2018-42-eff,SR500_Low_long,,,,,,0.0,0.0,0.0,0.0,0.0,0.0,0.0
422,ATLAS-SUSY-2018-42-eff,SR550_High_long,,,,,,0.0,0.0,0.0,0.0,0.0,0.0,0.0
423,ATLAS-SUSY-2018-42-eff,SR550_Low_long,,,,,,0.0,0.0,0.0,0.0,0.0,0.0,0.0
424,ATLAS-SUSY-2018-42-eff,SR600_High_long,,,,,,0.0,0.0,0.0,0.0,0.0,0.0,0.0
425,ATLAS-SUSY-2018-42-eff,SR600_Low_long,,,,,,0.0,0.0,0.0,0.0,0.0,0.0,0.0
426,ATLAS-SUSY-2018-42-eff,SR650_High_long,,,,,,0.0,0.0,0.0,0.0,0.0,0.0,0.0
427,ATLAS-SUSY-2018-42-eff,SR650_Low_long,,,,,,0.0,0.0,0.0,0.0,0.0,0.0,0.0
428,ATLAS-SUSY-2018-42-eff,SR700_High_long,,,,,,0.0,0.0,0.0,0.0,0.0,0.0,0.0
429,ATLAS-SUSY-2018-42-eff,SR700_Low_long,,,,,,0.0,0.0,0.0,0.0,0.0,0.0,0.0
430,ATLAS-SUSY-2018-42-eff,SR800_High_long,,,,,,0.0,0.0,0.0,0.0,0.0,0.0,0.0
431,ATLAS-SUSY-2018-42-eff,SR800_Low_long,,,,,,0.0,0.0,0.0,0.0,0.0,0.0,0.0
432,ATLAS-SUSY-2018-42-eff,SR900_High_long,,,,,,0.0,0.0,0.0,0.0,0.0,0.0,0.0
433,ATLAS-SUSY-2018-42-eff,SR900_Low_long,,,,,,0.0,0.0,0.0,0.0,0.0,0.0,0.0
434,ATLAS-SUSY-2019-02-eff,DF_8125_815,,,,,2.0,0.0,0.0,0.0,0.0,0.0,0.0,0.0
435,ATLAS-SUSY-2019-02-eff,DF_815_8175,,,,,2.0,0.0,0.0,0.0,0.0,0.0,0.0,0.0
436,ATLAS-SUSY-2019-02-eff,DF_8175_82,,,,,2.0,0.0,0.0,0.0,0.0,0.0,0.0,0.0
437,ATLAS-SUSY-2019-02-eff,DF_81_1,,,,,2.0,0.0,0.0,0.0,0.0,0.0,0.0,0.0
438,ATLAS-SUSY-2019-02-eff,DF_81_1_SF_77_1,,,,,2.0,0.0,0.0,0.0,0.0,0.0,0.0,0.0
439,ATLAS-SUSY-2019-02-eff,DF_81_8125,,,,,2.0,0.0,0.0,0.0,0.0,0.0,0.0,0.0
440,ATLAS-SUSY-2019-02-eff,DF_8225_825,,,,,2.0,0.0,0.0,0.0,0.0,0.0,0.0,0.0
441,ATLAS-SUSY-2019-02-eff,DF_825_8275,,,,,2.0,0.0,0.0,0.0,0.0,0.0,0.0,0.0
442,ATLAS-SUSY-2019-02-eff,DF_8275_83,,,,,2.0,0.0,0.0,0.0,0.0,0.0,0.0,0.0
443,ATLAS-SUSY-2019-02-eff,DF_82_1,,,,,2.0,0.0,0.0,0.0,0.0,0.0,0.0,0.0
444,ATLAS-SUSY-2019-02-eff,DF_82_8225,,,,,2.0,0.0,0.0,0.0,0.0,0.0,0.0,0.0
445,ATLAS-SUSY-2019-02-eff,DF_8325_835,,,,,2.0,0.0,0.0,0.0,0.0,0.0,0.0,0.0
446,ATLAS-SUSY-2019-02-eff,DF_835_8375,,,,,2.0,0.0,0.0,0.0,0.0,0.0,0.0,0.0
447,ATLAS-SUSY-2019-02-eff,DF_8375_84,,,,,2.0,0.0,0.0,0.0,0.0,0.0,0.0,0.0
448,ATLAS-SUSY-2019-02-eff,DF_83_1,,,,,2.0,0.0,0.0,0.0,0.0,0.0,0.0,0.0
449,ATLAS-SUSY-2019-02-eff,DF_83_8325,,,,,2.0,0.0,0.0,0.0,0.0,0.0,0.0,0.0
450,ATLAS-SUSY-2019-02-eff,DF_845_85,,,,,2.0,0.0,0.0,0.0,0.0,0.0,0.0,0.0
451,ATLAS-SUSY-2019-02-eff,DF_84_1,,,,,2.0,0.0,0.0,0.0,0.0,0.0,0.0,0.0
452,ATLAS-SUSY-2019-02-eff,DF_84_845,,,,,2.0,0.0,0.0,0.0,0.0,0.0,0.0,0.0
453,ATLAS-SUSY-2019-02-eff,DF_85_1,,,,,2.0,0.0,0.0,0.0,0.0,0.0,0.0,0.0
454,ATLAS-SUSY-2019-02-eff,DF_85_86,,,,,2.0,0.0,0.0,0.0,0.0,0.0,0.0,0.0
455,ATLAS-SUSY-2019-02-eff,DF_86_1,,,,,2.0,0.0,0.0,0.0,0.0,0.0,0.0,0.0
456,ATLAS-SUSY-2019-02-eff,SF_775_78,,,,,2.0,0.0,0.0,0.0,0.0,0.0,0.0,0.0
457,ATLAS-SUSY-2019-02-eff,SF_77_1,,,,,2.0,0.0,0.0,0.0,0.0,0.0,0.0,0.0
458,ATLAS-SUSY-2019-02-eff,SF_77_775,,,,,2.0,0.0,0.0,0.0,0.0,0.0,0.0,0.0
459,ATLAS-SUSY-2019-02-eff,SF_785_79,,,,,2.0,0.0,0.0,0.0,0.0,0.0,0.0,0.0
460,ATLAS-SUSY-2019-02-eff,SF_78_1,,,,,2.0,0.0,0.0,0.0,0.0,0.0,0.0,0.0
461,ATLAS-SUSY-2019-02-eff,SF_78_785,,,,,2.0,0.0,0.0,0.0,0.0,0.0,0.0,0.0
462,ATLAS-SUSY-2019-02-eff,SF_795_80,,,,,2.0,0.0,0.0,0.0,0.0,0.0,0.0,0.0
463,ATLAS-SUSY-2019-02-eff,SF_79_1,,,,,2.0,0.0,0.0,0.0,0.0,0.0,0.0,0.0
464,ATLAS-SUSY-2019-02-eff,SF_79_795,,,,,2.0,0.0,0.0,0.0,0.0,0.0,0.0,0.0
465,ATLAS-SUSY-2019-02-eff,SF_80_1,,,,,2.0,0.0,0.0,0.0,0.0,0.0,0.0,0.0
466,ATLAS-SUSY-2019-02-eff,SF_80_81,,,,,2.0,0.0,0.0,0.0,0.0,0.0,0.0,0.0
467,ATLAS-SUSY-2019-02-eff,SF_81_1,,,,,2.0,0.0,0.0,0.0,0.0,0.0,0.0,0.0
468,ATLAS-SUSY-2019-02-eff,SR0j_MT2_100_105,100.0,100.0,,0.0,,0.0,0.0,0.0,0.0,0.0,0.0,0.0
469,ATLAS-SUSY-2019-02-eff,SR0j_MT2_100_infty,100.0,100.0,,0.0,,0.0,0.0,0.0,0.0,0.0,0.0,0.0
470,ATLAS-SUSY-2019-02-eff,SR0j_MT2_105_110,105.0,105.0,,0.0,,0.0,0.0,0.0,0.0,0.0,0.0,0.0
471,ATLAS-SUSY-2019-02-eff,SR0j_MT2_110_115,110.0,110.0,,0.0,,0.0,0.0,0.0,0.0,0.0,0.0,0.0
472,ATLAS-SUSY-2019-02-eff,SR0j_MT2_110_infty,110.0,110.0,,0.0,,0.0,0.0,0.0,0.0,0.0,0.0,0.0
473,ATLAS-SUSY-2019-02-eff,SR0j_MT2_115_120,115.0,115.0,,0.0,,0.0,0.0,0.0,0.0,0.0,0.0,0.0
474,ATLAS-SUSY-2019-02-eff,SR0j_MT2_120_125,120.0,120.0,,0.0,,0.0,0.0,0.0,0.0,0.0,0.0,0.0
475,ATLAS-SUSY-2019-02-eff,SR0j_MT2_120_infty,120.0,120.0,,0.0,,0.0,0.0,0.0,0.0,0.0,0.0,0.0
476,ATLAS-SUSY-2019-02-eff,SR0j_MT2_125_130,125.0,125.0,,0.0,,0.0,0.0,0.0,0.0,0.0,0.0,0.0
477,ATLAS-SUSY-2019-02-eff,SR0j_MT2_130_140,130.0,130.0,,0.0,,0.0,0.0,0.0,0.0,0.0,0.0,0.0
478,ATLAS-SUSY-2019-02-eff,SR0j_MT2_130_infty,130.0,130.0,,0.0,,0.0,0.0,0.0,0.0,0.0,0.0,0.0
479,ATLAS-SUSY-2019-02-eff,SR0j_MT2_140_infty,140.0,140.0,,0.0,,0.0,0.0,0.0,0.0,0.0,0.0,0.0
480,ATLAS-SUSY-2019-02-eff,SR1j_MT2_100_105,100.0,100.0,,1.0,,0.0,0.0,0.0,0.0,0.0,0.0,0.0
481,ATLAS-SUSY-2019-02-eff,SR1j_MT2_100_infty,100.0,100.0,,1.0,,0.0,0.0,0.0,0.0,0.0,0.0,0.0
482,ATLAS-SUSY-2019-02-eff,SR1j_MT2_105_110,105.0,105.0,,1.0,,0.0,0.0,0.0,0.0,0.0,0.0,0.0
483,ATLAS-SUSY-2019-02-eff,SR1j_MT2_110_115,110.0,110.0,,1.0,,0.0,0.0,0.0,0.0,0.0,0.0,0.0
484,ATLAS-SUSY-2019-02-eff,SR1j_MT2_110_infty,110.0,110.0,,1.0,,0.0,0.0,0.0,0.0,0.0,0.0,0.0
485,ATLAS-SUSY-2019-02-eff,SR1j_MT2_115_120,115.0,115.0,,1.0,,0.0,0.0,0.0,0.0,0.0,0.0,0.0
486,ATLAS-SUSY-2019-02-eff,SR1j_MT2_120_125,120.0,120.0,,1.0,,0.0,0.0,0.0,0.0,0.0,0.0,0.0
487,ATLAS-SUSY-2019-02-eff,SR1j_MT2_120_infty,120.0,120.0,,1.0,,0.0,0.0,0.0,0.0,0.0,0.0,0.0
488,ATLAS-SUSY-2019-02-eff,SR1j_MT2_125_130,125.0,125.0,,1.0,,0.0,0.0,0.0,0.0,0.0,0.0,0.0
489,ATLAS-SUSY-2019-02-eff,SR1j_MT2_130_140,130.0,130.0,,1.0,,0.0,0.0,0.0,0.0,0.0,0.0,0.0
490,ATLAS-SUSY-2019-02-eff,SR1j_MT2_130_infty,130.0,130.0,,1.0,,0.0,0.0,0.0,0.0,0.0,0.0,0.0
491,ATLAS-SUSY-2019-02-eff,SR1j_MT2_140_infty,140.0,140.0,,1.0,,0.0,0.0,0.0,0.0,0.0,0.0,0.0
492,ATLAS-SUSY-2019-08-eff,SR_HM_High_MCT,13.0,,,,,0.0,0.0,0.0,0.0,0.0,0.0,0.0
493,ATLAS-SUSY-2019-08-eff,SR_HM_Low_MCT,,,,,,1.0,0.0,0.0,0.0,0.0,0.0,1.0
494,ATLAS-SUSY-2019-08-eff,SR_HM_Med_MCT,13.0,,,,,0.0,0.0,0.0,0.0,0.0,0.0,0.0
495,ATLAS-SUSY-2019-08-eff,SR_LM_High_MCT,,,,,,1.0,0.0,0.0,0.0,0.0,0.0,1.0
496,ATLAS-SUSY-2019-08-eff,SR_LM_Low_MCT,,,,,,1.0,0.0,0.0,0.0,0.0,0.0,1.0
497,ATLAS-SUSY-2019-08-eff,SR_LM_Med_MCT,,,,,,1.0,0.0,0.0,0.0,0.0,0.0,1.0
498,ATLAS-SUSY-2019-08-eff,SR_MM_High_MCT,13.0,,,,2.0,0.0,0.0,0.0,0.0,0.0,0.0,0.0
499,ATLAS-SUSY-2019-08-eff,SR_MM_Low_MCT,,,,,2.0,1.0,0.0,0.0,0.0,0.0,0.0,1.0
500,ATLAS-SUSY-2019-08-eff,SR_MM_Med_MCT,13.0,,,,2.0,0.0,0.0,0.0,0.0,0.0,0.0,0.0
501,ATLAS-SUSY-2019-09-eff,SRWZ_1,,,,,,0.0,0.0,0.0,0.0,0.0,0.0,0.0
502,ATLAS-SUSY-2019-09-eff,SRWZ_10,,,,,,0.0,0.0,0.0,0.0,0.0,0.0,0.0
503,ATLAS-SUSY-2019-09-eff,SRWZ_11,,,,,,0.0,0.0,0.0,0.0,0.0,0.0,0.0
504,ATLAS-SUSY-2019-09-eff,SRWZ_12,,,,,,0.0,0.0,0.0,0.0,0.0,0.0,0.0
505,ATLAS-SUSY-2019-09-eff,SRWZ_13,,,,,,0.0,0.0,0.0,0.0,0.0,0.0,0.0
506,ATLAS-SUSY-2019-09-eff,SRWZ_14,,,,,,0.0,0.0,0.0,0.0,0.0,0.0,0.0
507,ATLAS-SUSY-2019-09-eff,SRWZ_15,,,,,,0.0,0.0,0.0,0.0,0.0,0.0,0.0
508,ATLAS-SUSY-2019-09-eff,SRWZ_16,,,,,,0.0,0.0,0.0,0.0,0.0,0.0,0.0
509,ATLAS-SUSY-2019-09-eff,SRWZ_17,,,,,,0.0,0.0,0.0,0.0,0.0,0.0,0.0
510,ATLAS-SUSY-2019-09-eff,SRWZ_18,,,,,,0.0,0.0,0.0,0.0,0.0,0.0,0.0
511,ATLAS-SUSY-2019-09-eff,SRWZ_19,,,,,,0.0,0.0,0.0,0.0,0.0,0.0,0.0
512,ATLAS-SUSY-2019-09-eff,SRWZ_2,,,,,,0.0,0.0,0.0,0.0,0.0,0.0,0.0
513,ATLAS-SUSY-2019-09-eff,SRWZ_20,,,,,,0.0,0.0,0.0,0.0,0.0,0.0,0.0
514,ATLAS-SUSY-2019-09-eff,SRWZ_3,,,,,,0.0,0.0,0.0,0.0,0.0,0.0,0.0
515,ATLAS-SUSY-2019-09-eff,SRWZ_4,,,,,,0.0,0.0,0.0,0.0,0.0,0.0,0.0
516,ATLAS-SUSY-2019-09-eff,SRWZ_5,,,,,,0.0,0.0,0.0,0.0,0.0,0.0,0.0
517,ATLAS-SUSY-2019-09-eff,SRWZ_6,,,,,,0.0,0.0,0.0,0.0,0.0,0.0,0.0
518,ATLAS-SUSY-2019-09-eff,SRWZ_7,,,,,,0.0,0.0,0.0,0.0,0.0,0.0,0.0
519,ATLAS-SUSY-2019-09-eff,SRWZ_8,,,,,,0.0,0.0,0.0,0.0,0.0,0.0,0.0
520,ATLAS-SUSY-2019-09-eff,SRWZ_9,,,,,,0.0,0.0,0.0,0.0,0.0,0.0,0.0
521,ATLAS-SUSY-2019-09-eff,SR_WH_0j,,,,0.0,,0.0,0.0,0.0,0.0,0.0,0.0,0.0
522,ATLAS-SUSY-2019-09-eff,SR_WH_DFOS,,,,,2.0,0.0,0.0,0.0,0.0,0.0,0.0,0.0
523,ATLAS-SUSY-2019-09-eff,SR_WH_nj,,,,,,0.0,0.0,0.0,0.0,0.0,0.0,0.0
524,ATLAS-SUSY-2019-09-eff,SRhigh_0Jb,,,,0.0,,0.0,0.0,0.0,0.0,0.0,0.0,0.0
525,ATLAS-SUSY-2019-09-eff,SRhigh_0Jc,,,,0.0,,0.0,0.0,0.0,0.0,0.0,0.0,0.0
526,ATLAS-SUSY-2019-09-eff,SRhigh_0Jd,,,,0.0,,0.0,0.0,0.0,0.0,0.0,0.0,0.0
527,ATLAS-SUSY-2019-09-eff,SRhigh_0Je,,,,0.0,,0.0,0.0,0.0,0.0,0.0,0.0,0.0
528,ATLAS-SUSY-2019-09-eff,SRhigh_0Jf1,,,,0.0,,0.0,0.0,0.0,0.0,0.0,0.0,0.0
529,ATLAS-SUSY-2019-09-eff,SRhigh_0Jf2,,,,0.0,,0.0,0.0,0.0,0.0,0.0,0.0,0.0
530,ATLAS-SUSY-2019-09-eff,SRhigh_0Jg1,,,,0.0,,0.0,0.0,0.0,0.0,0.0,0.0,0.0
531,ATLAS-SUSY-2019-09-eff,SRhigh_0Jg2,,,,0.0,,0.0,0.0,0.0,0.0,0.0,0.0,0.0
532,ATLAS-SUSY-2019-09-eff,SRhigh_nJa,,,,,,0.0,0.0,0.0,0.0,0.0,0.0,0.0
533,ATLAS-SUSY-2019-09-eff,SRhigh_nJb,,,,,,0.0,0.0,0.0,0.0,0.0,0.0,0.0
534,ATLAS-SUSY-2019-09-eff,SRhigh_nJc,,,,,,0.0,0.0,0.0,0.0,0.0,0.0,0.0
535,ATLAS-SUSY-2019-09-eff,SRhigh_nJd,,,,,,0.0,0.0,0.0,0.0,0.0,0.0,0.0
536,ATLAS-SUSY-2019-09-eff,SRhigh_nJe,,,,,,0.0,0.0,0.0,0.0,0.0,0.0,0.0
537,ATLAS-SUSY-2019-09-eff,SRhigh_nJf,,,,,,0.0,0.0,0.0,0.0,0.0,0.0,0.0
538,ATLAS-SUSY-2019-09-eff,SRhigh_nJg,,,,,,0.0,0.0,0.0,0.0,0.0,0.0,0.0
539,ATLAS-SUSY-2019-09-eff,SRlow_0Jb,,,,0.0,,0.0,0.0,0.0,0.0,0.0,0.0,0.0
540,ATLAS-SUSY-2019-09-eff,SRlow_0Jc,,,,0.0,,0.0,0.0,0.0,0.0,0.0,0.0,0.0
541,ATLAS-SUSY-2019-09-eff,SRlow_0Jd,,,,0.0,,0.0,0.0,0.0,0.0,0.0,0.0,0.0
542,ATLAS-SUSY-2019-09-eff,SRlow_0Je,,,,0.0,,0.0,0.0,0.0,0.0,0.0,0.0,0.0
543,ATLAS-SUSY-2019-09-eff,SRlow_0Jf1,,,,0.0,,0.0,0.0,0.0,0.0,0.0,0.0,0.0
544,ATLAS-SUSY-2019-09-eff,SRlow_0Jf2,,,,0.0,,0.0,0.0,0.0,0.0,0.0,0.0,0.0
545,ATLAS-SUSY-2019-09-eff,SRlow_0Jg1,,,,0.0,,0.0,0.0,0.0,0.0,0.0,0.0,0.0
546,ATLAS-SUSY-2019-09-eff,SRlow_0Jg2,,,,0.0,,0.0,0.0,0.0,0.0,0.0,0.0,0.0
547,ATLAS-SUSY-2019-09-eff,SRlow_nJb,,,,,,0.0,0.0,0.0,0.0,0.0,0.0,0.0
548,ATLAS-SUSY-2019-09-eff,SRlow_nJc,,,,,,0.0,0.0,0.0,0.0,0.0,0.0,0.0
549,ATLAS-SUSY-2019-09-eff,SRlow_nJd,,,,,,0.0,0.0,0.0,0.0,0.0,0.0,0.0
550,ATLAS-SUSY-2019-09-eff,SRlow_nJe,,,,,,0.0,0.0,0.0,0.0,0.0,0.0,0.0
551,ATLAS-SUSY-2019-09-eff,SRlow_nJf1,,,,,,0.0,0.0,0.0,0.0,0.0,0.0,0.0
552,ATLAS-SUSY-2019-09-eff,SRlow_nJf2,,,,,,0.0,0.0,0.0,0.0,0.0,0.0,0.0
553,ATLAS-SUSY-2019-09-eff,SRlow_nJg1,,,,,,0.0,0.0,0.0,0.0,0.0,0.0,0.0
554,ATLAS-SUSY-2019-09-eff,SRlow_nJg2,,,,,,0.0,0.0,0.0,0.0,0.0,0.0,0.0
555,CMS-PAS-SUS-16-052-agg,ar1,,,,,,0.0,0.0,0.0,0.0,0.0,0.0,0.0
556,CMS-PAS-SUS-16-052-agg,ar10,,,,,,0.0,0.0,0.0,0.0,0.0,0.0,0.0
557,CMS-PAS-SUS-16-052-agg,ar11,,,,,,0.0,0.0,0.0,0.0,0.0,0.0,0.0
558,CMS-PAS-SUS-16-052-agg,ar12,,,,,,0.0,0.0,0.0,0.0,0.0,0.0,0.0
559,CMS-PAS-SUS-16-052-agg,ar13,,,,,,0.0,0.0,0.0,0.0,0.0,0.0,0.0
560,CMS-PAS-SUS-16-052-agg,ar14,,,,,,0.0,0.0,0.0,0.0,0.0,0.0,0.0
561,CMS-PAS-SUS-16-052-agg,ar15,,,,,,0.0,0.0,0.0,0.0,0.0,0.0,0.0
562,CMS-PAS-SUS-16-052-agg,ar16,,,,,,0.0,0.0,0.0,0.0,0.0,0.0,0.0
563,CMS-PAS-SUS-16-052-agg,ar17,,,,,,0.0,0.0,0.0,0.0,0.0,0.0,0.0
564,CMS-PAS-SUS-16-052-agg,ar2,,,,,,0.0,0.0,0.0,0.0,0.0,0.0,0.0
565,CMS-PAS-SUS-16-052-agg,ar3,,,,,,0.0,0.0,0.0,0.0,0.0,0.0,0.0
566,CMS-PAS-SUS-16-052-agg,ar4,,,,,,0.0,0.0,0.0,0.0,0.0,0.0,0.0
567,CMS-PAS-SUS-16-052-agg,ar5,,,,,,0.0,0.0,0.0,0.0,0.0,0.0,0.0
568,CMS-PAS-SUS-16-052-agg,ar6,,,,,,0.0,0.0,0.0,0.0,0.0,0.0,0.0
569,CMS-PAS-SUS-16-052-agg,ar7,,,,,,0.0,0.0,0.0,0.0,0.0,0.0,0.0
570,CMS-PAS-SUS-16-052-agg,ar8,,,,,,0.0,0.0,0.0,0.0,0.0,0.0,0.0
571,CMS-PAS-SUS-16-052-agg,ar9,,,,,,0.0,0.0,0.0,0.0,0.0,0.0,0.0
572,CMS-SUS-16-033-eff,SR10_Njet9_Nb3_HT750_MHT750,750.0,750.0,3.0,9.0,,0.0,0.0,0.0,1.0,0.0,0.0,0.0
573,CMS-SUS-16-033-eff,SR11_Njet7_Nb1_HT300_MHT300,300.0,300.0,1.0,7.0,,0.0,0.0,0.0,0.0,0.0,0.0,0.0
574,CMS-SUS-16-033-eff,SR12_Njet5_Nb1_HT750_MHT750,750.0,750.0,1.0,5.0,,0.0,0.0,0.0,1.0,0.0,0.0,0.0
575,CMS-SUS-16-033-eff,SR1_Njet2_Nb0_HT500_MHT500,500.0,500.0,0.0,2.0,,0.0,0.0,0.0,0.0,0.0,0.0,0.0
576,CMS-SUS-16-033-eff,SR2_Njet3_Nb0_HT1500_MHT750,1500.0,750.0,0.0,3.0,,0.0,0.0,0.0,1.0,0.0,0.0,0.0
577,CMS-SUS-16-033-eff,SR3_Njet5_Nb0_HT500_MHT_500,500.0,500.0,0.0,5.0,,0.0,0.0,0.0,0.0,0.0,0.0,0.0
578,CMS-SUS-16-033-eff,SR4_Njet5_Nb0_HT1500_MHT750,1500.0,750.0,0.0,5.0,,0.0,0.0,0.0,1.0,0.0,0.0,0.0
579,CMS-SUS-16-033-eff,SR5_Njet9_Nb0_HT1500_MHT750,1500.0,750.0,0.0,9.0,,0.0,0.0,0.0,1.0,0.0,0.0,0.0
580,CMS-SUS-16-033-eff,SR6_Njet2_Nb2_HT500_MHT500,500.0,500.0,2.0,2.0,,0.0,0.0,0.0,0.0,0.0,0.0,0.0
581,CMS-SUS-16-033-eff,SR7_Njet3_Nb1_HT750_MHT750,750.0,750.0,1.0,3.0,,0.0,0.0,0.0,1.0,0.0,0.0,0.0
582,CMS-SUS-16-033-eff,SR8_Njet5_Nb3_HT500_MHT500,500.0,500.0,3.0,5.0,,0.0,0.0,0.0,0.0,0.0,0.0,0.0
583,CMS-SUS-16-033-eff,SR9_NJet5_Nb2_HT1500_MHT750,1500.0,750.0,2.0,5.0,,0.0,0.0,0.0,1.0,0.0,0.0,0.0
584,CMS-SUS-16-039-agg,AR1,,,,,,0.0,0.0,0.0,0.0,0.0,0.0,0.0
585,CMS-SUS-16-039-agg,AR10,,,,,,0.0,0.0,0.0,0.0,0.0,0.0,0.0
586,CMS-SUS-16-039-agg,AR11,,,,,,0.0,0.0,0.0,0.0,0.0,0.0,0.0
587,CMS-SUS-16-039-agg,AR2,,,,,,0.0,0.0,0.0,0.0,0.0,0.0,0.0
588,CMS-SUS-16-039-agg,AR3,,,,,,0.0,0.0,0.0,0.0,0.0,0.0,0.0
589,CMS-SUS-16-039-agg,AR4,,,,,,0.0,0.0,0.0,0.0,0.0,0.0,0.0
590,CMS-SUS-16-039-agg,AR5,,,,,,0.0,0.0,0.0,0.0,0.0,0.0,0.0
591,CMS-SUS-16-039-agg,AR6,,,,,,0.0,0.0,0.0,0.0,0.0,0.0,0.0
592,CMS-SUS-16-039-agg,AR7,,,,,,0.0,0.0,0.0,0.0,0.0,0.0,0.0
593,CMS-SUS-16-039-agg,AR8,,,,,,0.0,0.0,0.0,0.0,0.0,0.0,0.0
594,CMS-SUS-16-039-agg,AR9,,,,,,0.0,0.0,0.0,0.0,0.0,0.0,0.0
595,CMS-SUS-16-048-ma5,Ewkino_highMET_M_10to20,,13.0,,,,0.0,0.0,0.0,0.0,0.0,0.0,0.0
596,CMS-SUS-16-048-ma5,Ewkino_highMET_M_20to30,,13.0,,,,0.0,0.0,0.0,0.0,0.0,0.0,0.0
597,CMS-SUS-16-048-ma5,Ewkino_highMET_M_30to50,,13.0,,,,0.0,0.0,0.0,0.0,0.0,0.0,0.0
598,CMS-SUS-16-048-ma5,Ewkino_highMET_M_4to9,,13.0,,,,0.0,0.0,0.0,0.0,0.0,0.0,0.0
599,CMS-SUS-16-048-ma5,Ewkino_lowMET_M_10to20,,,,,,1.0,0.0,0.0,0.0,0.0,0.0,1.0
600,CMS-SUS-16-048-ma5,Ewkino_lowMET_M_20to30,,,,,,1.0,0.0,0.0,0.0,0.0,0.0,1.0
601,CMS-SUS-16-048-ma5,Ewkino_lowMET_M_30to50,,,,,,1.0,0.0,0.0,0.0,0.0,0.0,1.0
602,CMS-SUS-16-048-ma5,Ewkino_lowMET_M_4to9,,,,,,1.0,0.0,0.0,0.0,0.0,0.0,1.0
603,CMS-SUS-16-048-ma5,Ewkino_medMET_M_10to20,,,,,,0.0,0.0,0.0,0.0,0.0,0.0,0.0
604,CMS-SUS-16-048-ma5,Ewkino_medMET_M_20to30,,,,,,0.0,0.0,0.0,0.0,0.0,0.0,0.0
605,CMS-SUS-16-048-ma5,Ewkino_medMET_M_30to50,,,,,,0.0,0.0,0.0,0.0,0.0,0.0,0.0
606,CMS-SUS-16-048-ma5,Ewkino_medMET_M_4to9,,,,,,0.0,0.0,0.0,0.0,0.0,0.0,0.0
607,CMS-SUS-16-048-ma5,stop_highMET_PT_12to20,,13.0,,,,0.0,0.0,0.0,0.0,0.0,0.0,0.0
608,CMS-SUS-16-048-ma5,stop_highMET_PT_20to30,,13.0,,,,0.0,0.0,0.0,0.0,0.0,0.0,0.0
609,CMS-SUS-16-048-ma5,stop_highMET_PT_5to12,,13.0,,,,0.0,0.0,0.0,0.0,0.0,0.0,0.0
610,CMS-SUS-16-048-ma5,stop_lowMET_PT_12to20,,,,,,1.0,0.0,0.0,0.0,0.0,0.0,1.0
611,CMS-SUS-16-048-ma5,stop_lowMET_PT_20to30,,,,,,1.0,0.0,0.0,0.0,0.0,0.0,1.0
612,CMS-SUS-16-048-ma5,stop_lowMET_PT_5to12,,,,,,1.0,0.0,0.0,0.0,0.0,0.0,1.0
613,CMS-SUS-16-048-ma5,stop_medMET_PT_12to20,,,,,,0.0,0.0,0.0,0.0,0.0,0.0,0.0
614,CMS-SUS-16-048-ma5,stop_medMET_PT_20to30,,,,,,0.0,0.0,0.0,0.0,0.0,0.0,0.0
615,CMS-SUS-16-048-ma5,stop_medMET_PT_5to12,,,,,,0.0,0.0,0.0,0.0,0.0,0.0,0.0
616,CMS-SUS-16-050-agg,ar1,550.0,400.0,3.0,3.0,,0.0,0.0,0.0,0.0,0.0,0.0,0.0
617,CMS-SUS-16-050-agg,ar10,300.0,450.0,3.0,3.0,,0.0,0.0,0.0,0.0,0.0,0.0,0.0
618,CMS-SUS-16-050-agg,ar11,1000.0,250.0,3.0,3.0,,0.0,0.0,0.0,0.0,0.0,0.0,0.0
619,CMS-SUS-16-050-agg,ar12,1000.0,350.0,3.0,3.0,,0.0,0.0,0.0,0.0,0.0,0.0,0.0
620,CMS-SUS-16-050-agg,ar13,1000.0,450.0,3.0,3.0,,0.0,0.0,0.0,0.0,0.0,0.0,0.0
621,CMS-SUS-16-050-agg,ar14,1000.0,550.0,3.0,3.0,,0.0,0.0,0.0,0.0,0.0,0.0,0.0
622,CMS-SUS-16-050-agg,ar15,1500.0,250.0,3.0,3.0,,0.0,0.0,0.0,0.0,0.0,0.0,0.0
623,CMS-SUS-16-050-agg,ar16,1500.0,350.0,3.0,3.0,,0.0,0.0,0.0,0.0,0.0,0.0,0.0
624,CMS-SUS-16-050-agg,ar17,1500.0,550.0,3.0,3.0,,0.0,0.0,0.0,0.0,0.0,0.0,0.0
625,CMS-SUS-16-050-agg,ar18,200.0,350.0,1.0,1.0,,0.0,0.0,0.0,0.0,0.0,0.0,0.0
626,CMS-SUS-16-050-agg,ar19,200.0,600.0,1.0,1.0,,0.0,0.0,0.0,0.0,0.0,0.0,0.0
627,CMS-SUS-16-050-agg,ar2,300.0,600.0,1.0,1.0,,0.0,0.0,0.0,0.0,0.0,0.0,0.0
628,CMS-SUS-16-050-agg,ar20,300.0,450.0,1.0,1.0,,0.0,0.0,0.0,0.0,0.0,0.0,0.0
629,CMS-SUS-16-050-agg,ar21,450.0,250.0,1.0,1.0,,0.0,0.0,0.0,0.0,0.0,0.0,0.0
630,CMS-SUS-16-050-agg,ar22,200.0,350.0,2.0,2.0,,0.0,0.0,0.0,0.0,0.0,0.0,0.0
631,CMS-SUS-16-050-agg,ar23,200.0,450.0,2.0,2.0,,0.0,0.0,0.0,0.0,0.0,0.0,0.0
632,CMS-SUS-16-050-agg,ar24,200.0,600.0,2.0,2.0,,0.0,0.0,0.0,0.0,0.0,0.0,0.0
633,CMS-SUS-16-050-agg,ar25,300.0,350.0,2.0,2.0,,0.0,0.0,0.0,0.0,0.0,0.0,0.0
634,CMS-SUS-16-050-agg,ar26,300.0,450.0,2.0,2.0,,0.0,0.0,0.0,0.0,0.0,0.0,0.0
635,CMS-SUS-16-050-agg,ar27,400.0,250.0,2.0,2.0,,0.0,0.0,0.0,0.0,0.0,0.0,0.0
636,CMS-SUS-16-050-agg,ar28,400.0,450.0,2.0,2.0,,0.0,0.0,0.0,0.0,0.0,0.0,0.0
637,CMS-SUS-16-050-agg,ar29,1300.0,250.0,3.0,3.0,,0.0,0.0,0.0,0.0,0.0,0.0,0.0
638,CMS-SUS-16-050-agg,ar3,750.0,750.0,2.0,2.0,,0.0,0.0,0.0,0.0,0.0,0.0,0.0
639,CMS-SUS-16-050-agg,ar30,300.0,350.0,3.0,3.0,,0.0,0.0,0.0,0.0,0.0,0.0,0.0
640,CMS-SUS-16-050-agg,ar31,1300.0,500.0,3.0,3.0,,0.0,0.0,0.0,0.0,0.0,0.0,0.0
641,CMS-SUS-16-050-agg,ar32,900.0,250.0,3.0,3.0,,0.0,0.0,0.0,0.0,0.0,0.0,0.0
642,CMS-SUS-16-050-agg,ar33,900.0,350.0,3.0,3.0,,0.0,0.0,0.0,0.0,0.0,0.0,0.0
643,CMS-SUS-16-050-agg,ar34,1300.0,350.0,3.0,3.0,,0.0,0.0,0.0,0.0,0.0,0.0,0.0
644,CMS-SUS-16-050-agg,ar35,300.0,250.0,1.0,1.0,,0.0,0.0,0.0,0.0,0.0,0.0,0.0
645,CMS-SUS-16-050-agg,ar36,300.0,350.0,1.0,1.0,,0.0,0.0,0.0,0.0,0.0,0.0,0.0
646,CMS-SUS-16-050-agg,ar37,300.0,250.0,2.0,2.0,,0.0,0.0,0.0,0.0,0.0,0.0,0.0
647,CMS-SUS-16-050-agg,ar38,300.0,250.0,3.0,3.0,,0.0,0.0,0.0,0.0,0.0,0.0,0.0
648,CMS-SUS-16-050-agg,ar39,300.0,350.0,3.0,3.0,,0.0,0.0,0.0,0.0,0.0,0.0,0.0
649,CMS-SUS-16-050-agg,ar4,550.0,550.0,3.0,3.0,,0.0,0.0,0.0,0.0,0.0,0.0,0.0
650,CMS-SUS-16-050-agg,ar5,750.0,250.0,1.0,1.0,,0.0,0.0,0.0,0.0,0.0,0.0,0.0
651,CMS-SUS-16-050-agg,ar6,750.0,600.0,1.0,1.0,,0.0,0.0,0.0,0.0,0.0,0.0,0.0
652,CMS-SUS-16-050-agg,ar7,200.0,600.0,2.0,2.0,,0.0,0.0,0.0,0.0,0.0,0.0,0.0
653,CMS-SUS-16-050-agg,ar8,200.0,750.0,2.0,2.0,,0.0,0.0,0.0,0.0,0.0,0.0,0.0
654,CMS-SUS-16-050-agg,ar9,300.0,350.0,3.0,3.0,,0.0,0.0,0.0,0.0,0.0,0.0,0.0
655,CMS-SUS-19-006-agg,SR100_Njet67_Nb2_HT1700_MHT850,1700.0,850.0,2.0,67.0,,0.0,0.0,0.0,0.0,0.0,0.0,0.0
656,CMS-SUS-19-006-agg,SR105_Njet67_Nb3_HT6001200_MHT350600,6001200.0,350600.0,3.0,67.0,,0.0,0.0,0.0,0.0,0.0,0.0,0.0
657,CMS-SUS-19-006-agg,SR108_Njet67_Nb3_HT1200_MHT600850,1200.0,600850.0,3.0,67.0,,0.0,0.0,0.0,0.0,0.0,0.0,0.0
658,CMS-SUS-19-006-agg,SR110_Njet67_Nb3_HT1700_MHT850,1700.0,850.0,3.0,67.0,,0.0,0.0,0.0,0.0,0.0,0.0,0.0
659,CMS-SUS-19-006-agg,SR116_Njet89_Nb0_HT1200_MHT600850;SR124_Njet89_Nb1_HT1200_MHT600850;SR132_Njet89_Nb2_HT1200_MHT600850,1200.0,600850.0,0.0,89.0,,0.0,0.0,0.0,0.0,0.0,0.0,0.0
660,CMS-SUS-19-006-agg,SR117_Njet89_Nb0_HT8501700_MHT850;SR125_Njet89_Nb1_HT8501700_MHT850,8501700.0,850.0,0.0,89.0,,0.0,0.0,0.0,0.0,0.0,0.0,0.0
661,CMS-SUS-19-006-agg,SR118_Njet89_Nb0_HT1700_MHT850;SR126_Njet89_Nb1_HT1700_MHT850,1700.0,850.0,0.0,89.0,,0.0,0.0,0.0,0.0,0.0,0.0,0.0
662,CMS-SUS-19-006-agg,SR121_Njet89_Nb1_HT6001200_MHT350600;SR122_Njet89_Nb1_HT1200_MHT350600;SR123_Njet89_Nb1_HT6001200_MHT600850,6001200.0,350600.0,1.0,89.0,,0.0,0.0,0.0,0.0,0.0,0.0,0.0
663,CMS-SUS-19-006-agg,SR137_Njet89_Nb3_HT6001200_MHT350600;SR138_Njet89_Nb3_HT1200_MHT350600;SR139_Njet89_Nb3_HT6001200_MHT600850;SR142_Njet89_Nb3_HT1700_MHT850,6001200.0,350600.0,3.0,89.0,,0.0,0.0,0.0,0.0,0.0,0.0,0.0
664,CMS-SUS-19-006-agg,SR140_Njet89_Nb3_HT1200_MHT600850,1200.0,600850.0,3.0,89.0,,0.0,0.0,0.0,0.0,0.0,0.0,0.0
665,CMS-SUS-19-006-agg,SR167_Njet10_Nb3_HT6001200_MHT300350,6001200.0,300350.0,3.0,10.0,,0.0,0.0,0.0,0.0,0.0,0.0,0.0
666,CMS-SUS-19-006-agg,SR169_Njet10_Nb3_HT6001200_MHT350600,6001200.0,350600.0,3.0,10.0,,0.0,0.0,0.0,0.0,0.0,0.0,0.0
667,CMS-SUS-19-006-agg,SR170_Njet10_Nb3_HT1200_MHT350600,1200.0,350600.0,3.0,10.0,,0.0,0.0,0.0,0.0,0.0,0.0,0.0
668,CMS-SUS-19-006-agg,SR172_Njet10_Nb3_HT1200_MHT600850,1200.0,600850.0,3.0,10.0,,0.0,0.0,0.0,0.0,0.0,0.0,0.0
669,CMS-SUS-19-006-agg,SR174_Njet10_Nb3_HT1700_MHT850,1700.0,850.0,3.0,10.0,,0.0,0.0,0.0,0.0,0.0,0.0,0.0
670,CMS-SUS-19-006-agg,SR22_Njet23_Nb2_HT6001200_MHT300350;SR25_Njet23_Nb2_HT6001200_MHT350600;SR43_Njet45_Nb1_HT1200_MHT300350;SR46_Njet45_Nb1_HT1200_MHT350600;SR53_Njet45_Nb2_HT1200_MHT300350;SR54_Njet45_Nb2_HT350600_MHT350600;SR61_Njet45_Nb3_HT300600_MHT300350;SR64_Njet45_Nb3_HT350600_MHT350600;SR66_Njet45_Nb3_HT1200_MHT350600;SR68_Njet45_Nb3_HT1200_MHT600850;SR69_Njet45_Nb3_HT8501700_MHT850,6001200.0,300350.0,2.0,23.0,,0.0,0.0,0.0,0.0,0.0,0.0,0.0
671,CMS-SUS-19-006-agg,SR27_Njet23_Nb2_HT6001200_MHT600850;SR129_Njet89_Nb2_HT6001200_MHT350600;SR130_Njet89_Nb2_HT1200_MHT350600;SR131_Njet89_Nb2_HT6001200_MHT600850;SR161_Njet10_Nb2_HT6001200_MHT350600;SR162_Njet10_Nb2_HT1200_MHT350600;SR164_Njet10_Nb2_HT1200_MHT600850;SR166_Njet10_Nb2_HT1700_MHT850,6001200.0,600850.0,2.0,23.0,,0.0,0.0,0.0,0.0,0.0,0.0,0.0
672,CMS-SUS-19-006-agg,SR33_Njet45_Nb0_HT1200_MHT300350;SR36_Njet45_Nb0_HT1200_MHT350600;SR70_Njet45_Nb3_HT1700_MHT850;SR73_Njet67_Nb0_HT1200_MHT300350;SR76_Njet67_Nb0_HT1200_MHT350600;SR83_Njet67_Nb1_HT1200_MHT300350;SR86_Njet67_Nb1_HT1200_MHT350600;SR91_Njet67_Nb2_HT300600_MHT300350;SR92_Njet67_Nb2_HT6001200_MHT300350;SR93_Njet67_Nb2_HT1200_MHT300350;SR96_Njet67_Nb2_HT1200_MHT350600;SR102_Njet67_Nb3_HT6001200_MHT300350;SR106_Njet67_Nb3_HT1200_MHT350600;SR107_Njet67_Nb3_HT6001200_MHT600850;SR112_Njet89_Nb0_HT1200_MHT300350;SR113_Njet89_Nb0_HT6001200_MHT350600;SR114_Njet89_Nb0_HT1200_MHT350600;SR120_Njet89_Nb1_HT1200_MHT300350;SR128_Njet89_Nb2_HT1200_MHT300350;SR135_Njet89_Nb3_HT6001200_MHT300350;SR160_Njet10_Nb2_HT1200_MHT300350;SR168_Njet10_Nb3_HT1200_MHT300350,1200.0,300350.0,0.0,45.0,,0.0,0.0,0.0,0.0,0.0,0.0,0.0
673,CMS-SUS-19-006-agg,SR38_Njet45_Nb0_HT1200_MHT600850,1200.0,600850.0,0.0,45.0,,0.0,0.0,0.0,0.0,0.0,0.0,0.0
674,CMS-SUS-19-006-agg,SR39_Njet45_Nb0_HT8501700_MHT850;SR49_Njet45_Nb1_HT8501700_MHT850,8501700.0,850.0,0.0,45.0,,0.0,0.0,0.0,0.0,0.0,0.0,0.0
675,CMS-SUS-19-006-agg,SR40_Njet45_Nb0_HT1700_MHT850;SR50_Njet45_Nb1_HT1700_MHT850;SR60_Njet45_Nb2_HT1700_MHT850,1700.0,850.0,0.0,45.0,,0.0,0.0,0.0,0.0,0.0,0.0,0.0
676,CMS-SUS-19-006-agg,SR55_Njet45_Nb2_HT6001200_MHT350600,6001200.0,350600.0,2.0,45.0,,0.0,0.0,0.0,0.0,0.0,0.0,0.0
677,CMS-SUS-19-006-agg,SR57_Njet45_Nb2_HT6001200_MHT600850,6001200.0,600850.0,2.0,45.0,,0.0,0.0,0.0,0.0,0.0,0.0,0.0
678,CMS-SUS-19-006-agg,SR58_Njet45_Nb2_HT1200_MHT600850,1200.0,600850.0,2.0,45.0,,0.0,0.0,0.0,0.0,0.0,0.0,0.0
679,CMS-SUS-19-006-agg,SR59_Njet45_Nb2_HT8501700_MHT850,8501700.0,850.0,2.0,45.0,,0.0,0.0,0.0,0.0,0.0,0.0,0.0
680,CMS-SUS-19-006-agg,SR5_Njet23_Nb0_HT6001200_MHT350600;SR6_Njet23_Nb0_HT1200_MHT350600;SR10_Njet23_Nb0_HT1700_MHT850;SR29_Njet23_Nb2_HT8501700_MHT850;SR35_Njet45_Nb0_HT6001200_MHT350600;SR37_Njet45_Nb0_HT6001200_MHT600850,6001200.0,350600.0,0.0,23.0,,0.0,0.0,0.0,0.0,0.0,0.0,0.0
681,CMS-SUS-19-006-agg,SR65_Njet45_Nb3_HT6001200_MHT350600,6001200.0,350600.0,3.0,45.0,,0.0,0.0,0.0,0.0,0.0,0.0,0.0
682,CMS-SUS-19-006-agg,SR67_Njet45_Nb3_HT6001200_MHT600850,6001200.0,600850.0,3.0,45.0,,0.0,0.0,0.0,0.0,0.0,0.0,0.0
683,CMS-SUS-19-006-agg,SR75_Njet67_Nb0_HT6001200_MHT350600;SR85_Njet67_Nb1_HT6001200_MHT350600,6001200.0,350600.0,0.0,67.0,,0.0,0.0,0.0,0.0,0.0,0.0,0.0
684,CMS-SUS-19-006-agg,SR77_Njet67_Nb0_HT6001200_MHT600850;SR87_Njet67_Nb1_HT6001200_MHT600850,6001200.0,600850.0,0.0,67.0,,0.0,0.0,0.0,0.0,0.0,0.0,0.0
685,CMS-SUS-19-006-agg,SR78_Njet67_Nb0_HT1200_MHT600850,1200.0,600850.0,0.0,67.0,,0.0,0.0,0.0,0.0,0.0,0.0,0.0
686,CMS-SUS-19-006-agg,SR79_Njet67_Nb0_HT8501700_MHT850;SR89_Njet67_Nb1_HT8501700_MHT850;SR99_Njet67_Nb2_HT8501700_MHT850;SR109_Njet67_Nb3_HT8501700_MHT850,8501700.0,850.0,0.0,67.0,,0.0,0.0,0.0,0.0,0.0,0.0,0.0
687,CMS-SUS-19-006-agg,SR80_Njet67_Nb0_HT1700_MHT850,1700.0,850.0,0.0,67.0,,0.0,0.0,0.0,0.0,0.0,0.0,0.0
688,CMS-SUS-19-006-agg,SR88_Njet67_Nb1_HT1200_MHT600850,1200.0,600850.0,1.0,67.0,,0.0,0.0,0.0,0.0,0.0,0.0,0.0
689,CMS-SUS-19-006-agg,SR8_Njet23_Nb0_HT1200_MHT600850;SR18_Njet23_Nb1_HT1200_MHT600850;SR28_Njet23_Nb2_HT1200_MHT600850,1200.0,600850.0,0.0,23.0,,0.0,0.0,0.0,0.0,0.0,0.0,0.0
690,CMS-SUS-19-006-agg,SR90_Njet67_Nb1_HT1700_MHT850,1700.0,850.0,1.0,67.0,,0.0,0.0,0.0,0.0,0.0,0.0,0.0
691,CMS-SUS-19-006-agg,SR94_Njet67_Nb2_HT350600_MHT350600,350600.0,350600.0,2.0,67.0,,0.0,0.0,0.0,0.0,0.0,0.0,0.0
692,CMS-SUS-19-006-agg,SR95_Njet67_Nb2_HT6001200_MHT350600,6001200.0,350600.0,2.0,67.0,,0.0,0.0,0.0,0.0,0.0,0.0,0.0
693,CMS-SUS-19-006-agg,SR97_Njet67_Nb2_HT6001200_MHT600850,6001200.0,600850.0,2.0,67.0,,0.0,0.0,0.0,0.0,0.0,0.0,0.0
694,CMS-SUS-19-006-agg,SR98_Njet67_Nb2_HT1200_MHT600850,1200.0,600850.0,2.0,67.0,,0.0,0.0,0.0,0.0,0.0,0.0,0.0
695,CMS-SUS-20-004-eff,SR1,,,,,,0.0,0.0,0.0,0.0,0.0,0.0,0.0
696,CMS-SUS-20-004-eff,SR10,,,,,,0.0,0.0,0.0,0.0,0.0,0.0,0.0
697,CMS-SUS-20-004-eff,SR11,,,,,,0.0,0.0,0.0,0.0,0.0,0.0,0.0
698,CMS-SUS-20-004-eff,SR12,,,,,,0.0,0.0,0.0,0.0,0.0,0.0,0.0
699,CMS-SUS-20-004-eff,SR13,,,,,,0.0,0.0,0.0,0.0,0.0,0.0,0.0
700,CMS-SUS-20-004-eff,SR14,,,,,,0.0,0.0,0.0,0.0,0.0,0.0,0.0
701,CMS-SUS-20-004-eff,SR15,,,,,,0.0,0.0,0.0,0.0,0.0,0.0,0.0
702,CMS-SUS-20-004-eff,SR16,,,,,,0.0,0.0,0.0,0.0,0.0,0.0,0.0
703,CMS-SUS-20-004-eff,SR17,,,,,,0.0,0.0,0.0,0.0,0.0,0.0,0.0
704,CMS-SUS-20-004-eff,SR18,,,,,,0.0,0.0,0.0,0.0,0.0,0.0,0.0
705,CMS-SUS-20-004-eff,SR19,,,,,,0.0,0.0,0.0,0.0,0.0,0.0,0.0
706,CMS-SUS-20-004-eff,SR2,,,,,,0.0,0.0,0.0,0.0,0.0,0.0,0.0
707,CMS-SUS-20-004-eff,SR20,,,,,,0.0,0.0,0.0,0.0,0.0,0.0,0.0
708,CMS-SUS-20-004-eff,SR21,,,,,,0.0,0.0,0.0,0.0,0.0,0.0,0.0
709,CMS-SUS-20-004-eff,SR22,,,,,,0.0,0.0,0.0,0.0,0.0,0.0,0.0
710,CMS-SUS-20-004-eff,SR3,,,,,,0.0,0.0,0.0,0.0,0.0,0.0,0.0
711,CMS-SUS-20-004-eff,SR4,,,,,,0.0,0.0,0.0,0.0,0.0,0.0,0.0
712,CMS-SUS-20-004-eff,SR5,,,,,,0.0,0.0,0.0,0.0,0.0,0.0,0.0
713,CMS-SUS-20-004-eff,SR6,,,,,,0.0,0.0,0.0,0.0,0.0,0.0,0.0
714,CMS-SUS-20-004-eff,SR7,,,,,,0.0,0.0,0.0,0.0,0.0,0.0,0.0
715,CMS-SUS-20-004-eff,SR8,,,,,,0.0,0.0,0.0,0.0,0.0,0.0,0.0
716,CMS-SUS-20-004-eff,SR9,,,,,,0.0,0.0,0.0,0.0,0.0,0.0,0.0
717,CMS-SUS-21-002-eff,H_SR0,,,,,,0.0,0.0,0.0,0.0,0.0,0.0,0.0
718,CMS-SUS-21-002-eff,H_SR1,,,,,,0.0,0.0,0.0,0.0,0.0,0.0,0.0
719,CMS-SUS-21-002-eff,H_SR2,,,,,,0.0,0.0,0.0,0.0,0.0,0.0,0.0
720,CMS-SUS-21-002-eff,H_SR3,,,,,,0.0,0.0,0.0,0.0,0.0,0.0,0.0
721,CMS-SUS-21-002-eff,H_SR4,,,,,,0.0,0.0,0.0,0.0,0.0,0.0,0.0
722,CMS-SUS-21-002-eff,H_SR5,,,,,,0.0,0.0,0.0,0.0,0.0,0.0,0.0
723,CMS-SUS-21-002-eff,H_SR6,,,,,,0.0,0.0,0.0,0.0,0.0,0.0,0.0
724,CMS-SUS-21-002-eff,H_SR7,,,,,,0.0,0.0,0.0,0.0,0.0,0.0,0.0
725,CMS-SUS-21-002-eff,H_SR8,,,,,,0.0,0.0,0.0,0.0,0.0,0.0,0.0
726,CMS-SUS-21-002-eff,WH_SR0,,,,,,0.0,0.0,0.0,0.0,0.0,0.0,0.0
727,CMS-SUS-21-002-eff,WH_SR1,,,,,,0.0,0.0,0.0,0.0,0.0,0.0,0.0
728,CMS-SUS-21-002-eff,WH_SR2,,,,,,0.0,0.0,0.0,0.0,0.0,0.0,0.0
729,CMS-SUS-21-002-eff,WH_SR3,,,,,,0.0,0.0,0.0,0.0,0.0,0.0,0.0
730,CMS-SUS-21-002-eff,WH_SR4,,,,,,0.0,0.0,0.0,0.0,0.0,0.0,0.0
731,CMS-SUS-21-002-eff,WH_SR5,,,,,,0.0,0.0,0.0,0.0,0.0,0.0,0.0
732,CMS-SUS-21-002-eff,WH_SR6,,,,,,0.0,0.0,0.0,0.0,0.0,0.0,0.0
733,CMS-SUS-21-002-eff,WH_SR7,,,,,,0.0,0.0,0.0,0.0,0.0,0.0,0.0
734,CMS-SUS-21-002-eff,W_SR0,,,,,,0.0,0.0,0.0,0.0,0.0,0.0,0.0
735,CMS-SUS-21-002-eff,W_SR1,,,,,,0.0,0.0,0.0,0.0,0.0,0.0,0.0
736,CMS-SUS-21-002-eff,W_SR2,,,,,,0.0,0.0,0.0,0.0,0.0,0.0,0.0
737,CMS-SUS-21-002-eff,W_SR3,,,,,,0.0,0.0,0.0,0.0,0.0,0.0,0.0
738,CMS-SUS-21-002-eff,W_SR4,,,,,,0.0,0.0,0.0,0.0,0.0,0.0,0.0
739,CMS-SUS-21-002-eff,W_SR5,,,,,,0.0,0.0,0.0,0.0,0.0,0.0,0.0
740,CMS-SUS-21-002-eff,W_SR6,,,,,,0.0,0.0,0.0,0.0,0.0,0.0,0.0
741,CMS-SUS-21-002-eff,W_SR7,,,,,,0.0,0.0,0.0,0.0,0.0,0.0,0.0
742,CMS-SUS-21-002-eff,W_SR8,,,,,,0.0,0.0,0.0,0.0,0.0,0.0,0.0
743,CMS-SUS-21-002-eff,b_veto_SR0,,,,,,0.0,0.0,0.0,0.0,0.0,0.0,0.0
744,CMS-SUS-21-002-eff,b_veto_SR1,,,,,,0.0,0.0,0.0,0.0,0.0,0.0,0.0
745,CMS-SUS-21-002-eff,b_veto_SR2,,,,,,0.0,0.0,0.0,0.0,0.0,0.0,0.0
746,CMS-SUS-21-002-eff,b_veto_SR3,,,,,,0.0,0.0,0.0,0.0,0.0,0.0,0.0
747,CMS-SUS-21-002-eff,b_veto_SR4,,,,,,0.0,0.0,0.0,0.0,0.0,0.0,0.0
748,CMS-SUS-21-002-eff,b_veto_SR5,,,,,,0.0,0.0,0.0,0.0,0.0,0.0,0.0
749,CMS-SUS-21-002-eff,b_veto_SR6,,,,,,0.0,0.0,0.0,0.0,0.0,0.0,0.0
750,CMS-SUS-21-002-eff,b_veto_SR7,,,,,,0.0,0.0,0.0,0.0,0.0,0.0,0.0
751,CMS-SUS-21-002-eff,b_veto_SR8,,,,,,0.0,0.0,0.0,0.0,0.0,0.0,0.0
